4digit,cl
5,0.590976893901825
6,0.6132707595825195
7,0.5981580018997192
8,0.5836243033409119
9,0.5718253254890442
10,0.5655210018157959
11,0.560379683971405
12,0.5568661689758301
13,0.5538002848625183
14,0.5506430268287659
15,0.5468271374702454
16,0.5413531064987183
17,0.5337541699409485
18,0.5196746587753296
19,0.5052577257156372
20,0.49242961406707764
21,0.4781779646873474
22,0.46233931183815
23,0.4466160833835602
24,0.4293469190597534
25,0.4112173318862915
26,0.39389553666114807
27,0.371322900056839
28,0.3521481156349182
29,0.33346280455589294
30,0.31030765175819397
31,0.28464043140411377
32,0.2626466155052185
33,0.24347668886184692
34,0.22106148302555084
35,0.19577191770076752
36,0.16799846291542053
37,0.14017532765865326
38,0.11630044132471085
39,0.09568575769662857
40,0.07747294008731842
41,0.05604105070233345
42,0.033733490854501724
43,0.011492961086332798
205,0.590976893901825
206,0.6132707595825195
207,0.5981580018997192
208,0.5836243033409119
209,0.5718253254890442
210,0.5655210018157959
211,0.560379683971405
212,0.5568661689758301
213,0.5538002848625183
214,0.5506430268287659
215,0.5468271374702454
216,0.5413531064987183
217,0.5337541699409485
218,0.5196746587753296
219,0.5052577257156372
220,0.49242961406707764
221,0.4781779646873474
222,0.46233931183815
223,0.4466160833835602
224,0.4293469190597534
225,0.4112173318862915
226,0.39389553666114807
227,0.371322900056839
228,0.3521481156349182
229,0.33346280455589294
230,0.31030765175819397
231,0.28464043140411377
232,0.2626466155052185
233,0.24347668886184692
234,0.22106148302555084
235,0.19577191770076752
236,0.16799846291542053
237,0.14017532765865326
238,0.11630044132471085
239,0.09568575769662857
240,0.07747294008731842
241,0.05604105070233345
242,0.033733490854501724
243,0.011492961086332798
305,0.590976893901825
306,0.6132707595825195
307,0.5981580018997192
308,0.5836243033409119
309,0.5718253254890442
310,0.5655210018157959
311,0.560379683971405
312,0.5568661689758301
313,0.5538002848625183
314,0.5506430268287659
315,0.5468271374702454
316,0.5413531064987183
317,0.5337541699409485
318,0.5196746587753296
319,0.5052577257156372
320,0.49242961406707764
321,0.4781779646873474
322,0.46233931183815
323,0.4466160833835602
324,0.4293469190597534
325,0.4112173318862915
326,0.39389553666114807
327,0.371322900056839
328,0.3521481156349182
329,0.33346280455589294
330,0.31030765175819397
331,0.28464043140411377
332,0.2626466155052185
333,0.24347668886184692
334,0.22106148302555084
335,0.19577191770076752
336,0.16799846291542053
337,0.14017532765865326
338,0.11630044132471085
339,0.09568575769662857
340,0.07747294008731842
341,0.05604105070233345
342,0.033733490854501724
343,0.011492961086332798
405,0.590976893901825
406,0.6132707595825195
407,0.5981580018997192
408,0.5836243033409119
409,0.5718253254890442
410,0.5655210018157959
411,0.560379683971405
412,0.5568661689758301
413,0.5538002848625183
414,0.5506430268287659
415,0.5468271374702454
416,0.5413531064987183
417,0.5337541699409485
418,0.5196746587753296
419,0.5052577257156372
420,0.49242961406707764
421,0.4781779646873474
422,0.46233931183815
423,0.4466160833835602
424,0.4293469190597534
425,0.4112173318862915
426,0.39389553666114807
427,0.371322900056839
428,0.3521481156349182
429,0.33346280455589294
430,0.31030765175819397
431,0.28464043140411377
432,0.2626466155052185
433,0.24347668886184692
434,0.22106148302555084
435,0.19577191770076752
436,0.16799846291542053
437,0.14017532765865326
438,0.11630044132471085
439,0.09568575769662857
440,0.07747294008731842
441,0.05604105070233345
442,0.033733490854501724
443,0.011492961086332798
505,0.590976893901825
506,0.6132707595825195
507,0.5981580018997192
508,0.5836243033409119
509,0.5718253254890442
510,0.5655210018157959
511,0.560379683971405
512,0.5568661689758301
513,0.5538002848625183
514,0.5506430268287659
515,0.5468271374702454
516,0.5413531064987183
517,0.5337541699409485
518,0.5196746587753296
519,0.5052577257156372
520,0.49242961406707764
521,0.4781779646873474
522,0.46233931183815
523,0.4466160833835602
524,0.4293469190597534
525,0.4112173318862915
526,0.39389553666114807
527,0.371322900056839
528,0.3521481156349182
529,0.33346280455589294
530,0.31030765175819397
531,0.28464043140411377
532,0.2626466155052185
533,0.24347668886184692
534,0.22106148302555084
535,0.19577191770076752
536,0.16799846291542053
537,0.14017532765865326
538,0.11630044132471085
539,0.09568575769662857
540,0.07747294008731842
541,0.05604105070233345
542,0.033733490854501724
543,0.011492961086332798
605,0.590976893901825
606,0.6132707595825195
607,0.5981580018997192
608,0.5836243033409119
609,0.5718253254890442
610,0.5655210018157959
611,0.560379683971405
612,0.5568661689758301
613,0.5538002848625183
614,0.5506430268287659
615,0.5468271374702454
616,0.5413531064987183
617,0.5337541699409485
618,0.5196746587753296
619,0.5052577257156372
620,0.49242961406707764
621,0.4781779646873474
622,0.46233931183815
623,0.4466160833835602
624,0.4293469190597534
625,0.4112173318862915
626,0.39389553666114807
627,0.371322900056839
628,0.3521481156349182
629,0.33346280455589294
630,0.31030765175819397
631,0.28464043140411377
632,0.2626466155052185
633,0.24347668886184692
634,0.22106148302555084
635,0.19577191770076752
636,0.16799846291542053
637,0.14017532765865326
638,0.11630044132471085
639,0.09568575769662857
640,0.07747294008731842
641,0.05604105070233345
642,0.033733490854501724
643,0.011492961086332798
705,0.590976893901825
706,0.6132707595825195
707,0.5981580018997192
708,0.5836243033409119
709,0.5718253254890442
710,0.5655210018157959
711,0.560379683971405
712,0.5568661689758301
713,0.5538002848625183
714,0.5506430268287659
715,0.5468271374702454
716,0.5413531064987183
717,0.5337541699409485
718,0.5196746587753296
719,0.5052577257156372
720,0.49242961406707764
721,0.4781779646873474
722,0.46233931183815
723,0.4466160833835602
724,0.4293469190597534
725,0.4112173318862915
726,0.39389553666114807
727,0.371322900056839
728,0.3521481156349182
729,0.33346280455589294
730,0.31030765175819397
731,0.28464043140411377
732,0.2626466155052185
733,0.24347668886184692
734,0.22106148302555084
735,0.19577191770076752
736,0.16799846291542053
737,0.14017532765865326
738,0.11630044132471085
739,0.09568575769662857
740,0.07747294008731842
741,0.05604105070233345
742,0.033733490854501724
743,0.011492961086332798
805,0.590976893901825
806,0.6132707595825195
807,0.5981580018997192
808,0.5836243033409119
809,0.5718253254890442
810,0.5655210018157959
811,0.560379683971405
812,0.5568661689758301
813,0.5538002848625183
814,0.5506430268287659
815,0.5468271374702454
816,0.5413531064987183
817,0.5337541699409485
818,0.5196746587753296
819,0.5052577257156372
820,0.49242961406707764
821,0.4781779646873474
822,0.46233931183815
823,0.4466160833835602
824,0.4293469190597534
825,0.4112173318862915
826,0.39389553666114807
827,0.371322900056839
828,0.3521481156349182
829,0.33346280455589294
830,0.31030765175819397
831,0.28464043140411377
832,0.2626466155052185
833,0.24347668886184692
834,0.22106148302555084
835,0.19577191770076752
836,0.16799846291542053
837,0.14017532765865326
838,0.11630044132471085
839,0.09568575769662857
840,0.07747294008731842
841,0.05604105070233345
842,0.033733490854501724
843,0.011492961086332798
905,0.590976893901825
906,0.6132707595825195
907,0.5981580018997192
908,0.5836243033409119
909,0.5718253254890442
910,0.5655210018157959
911,0.560379683971405
912,0.5568661689758301
913,0.5538002848625183
914,0.5506430268287659
915,0.5468271374702454
916,0.5413531064987183
917,0.5337541699409485
918,0.5196746587753296
919,0.5052577257156372
920,0.49242961406707764
921,0.4781779646873474
922,0.46233931183815
923,0.4466160833835602
924,0.4293469190597534
925,0.4112173318862915
926,0.39389553666114807
927,0.371322900056839
928,0.3521481156349182
929,0.33346280455589294
930,0.31030765175819397
931,0.28464043140411377
932,0.2626466155052185
933,0.24347668886184692
934,0.22106148302555084
935,0.19577191770076752
936,0.16799846291542053
937,0.14017532765865326
938,0.11630044132471085
939,0.09568575769662857
940,0.07747294008731842
941,0.05604105070233345
942,0.033733490854501724
943,0.011492961086332798
1104,0.6641213893890381
1105,0.6784420609474182
1106,0.7006393074989319
1107,0.7219886183738708
1108,0.7077397704124451
1109,0.6925763487815857
1110,0.6771841049194336
1111,0.6662305593490601
1112,0.6548447608947754
1113,0.6441064476966858
1114,0.6349281072616577
1115,0.6261143684387207
1116,0.615680992603302
1117,0.6016984581947327
1118,0.5884642601013184
1119,0.5729396343231201
1120,0.559260904788971
1121,0.5480191111564636
1122,0.529331386089325
1123,0.5061262249946594
1124,0.4960590898990631
1125,0.4795377552509308
1126,0.44893237948417664
1127,0.417826771736145
1128,0.4107787013053894
1129,0.3978476822376251
1130,0.35713863372802734
1131,0.30331718921661377
1132,0.307842880487442
1133,0.3044401705265045
1134,0.27147749066352844
1137,0.18745465576648712
1138,0.19237951934337616
1139,0.13880328834056854
1142,0.060324378311634064
1143,0.16941627860069275
1148,0.18950623273849487
1154,0.1650770604610443
1155,0.011681539006531239
1161,0.09181862324476242
1169,0.09964530915021896
1204,0.662158191204071
1205,0.6792479157447815
1206,0.6996094584465027
1207,0.7241149544715881
1208,0.710304856300354
1209,0.6964480876922607
1210,0.6834874153137207
1211,0.6747989058494568
1212,0.6659842729568481
1213,0.6571301817893982
1214,0.6490561962127686
1215,0.6414011120796204
1216,0.6323806047439575
1217,0.6163564324378967
1218,0.6032603979110718
1219,0.5889210104942322
1220,0.5734923481941223
1222,0.5395873785018921
1223,0.5222178101539612
1224,0.5029997229576111
1225,0.48258522152900696
1226,0.4636921286582947
1227,0.4429789185523987
1228,0.4191012382507324
1229,0.4004373848438263
1230,0.3776673376560211
1231,0.3508545756340027
1232,0.32906025648117065
1233,0.309320867061615
1234,0.2841201722621918
1235,0.25545236468315125
1236,0.2303558588027954
1237,0.20820929110050201
1238,0.18621914088726044
1239,0.16213172674179077
1240,0.13453954458236694
1241,0.10511326044797897
1242,0.07391081750392914
1243,0.054183632135391235
1244,0.03138858824968338
1245,0.014467881992459297
1304,0.6642205119132996
1306,0.7009718418121338
1307,0.7243969440460205
1308,0.7191487550735474
1309,0.7039147019386292
1310,0.6895450353622437
1311,0.6778531074523926
1312,0.6684927940368652
1313,0.6591455936431885
1314,0.6514036655426025
1315,0.6441699862480164
1316,0.6357018351554871
1317,0.6213417053222656
1318,0.6097222566604614
1319,0.5977616310119629
1320,0.5830724239349365
1323,0.5334372520446777
1324,0.5152421593666077
1325,0.49725377559661865
1326,0.4752492606639862
1327,0.4529202878475189
1328,0.42961692810058594
1329,0.40875697135925293
1330,0.38693445920944214
1331,0.36143168807029724
1332,0.3342858552932739
1333,0.3072914779186249
1334,0.2812347114086151
1335,0.2562676668167114
1336,0.23120294511318207
1337,0.20672285556793213
1338,0.1820908486843109
1339,0.1544509083032608
1340,0.12527184188365936
1341,0.09633713215589523
1342,0.06301438808441162
1343,0.03195519372820854
1344,0.008988573215901852
1405,0.6872689127922058
1406,0.7037780284881592
1408,0.7314879298210144
1409,0.7155327200889587
1410,0.6997418403625488
1411,0.6841857433319092
1412,0.6726132035255432
1413,0.6612507104873657
1414,0.6536663174629211
1415,0.6468220949172974
1416,0.637956440448761
1417,0.6245988011360168
1418,0.6133010387420654
1419,0.599751353263855
1420,0.5858279466629028
1421,0.5698325634002686
1422,0.5539166927337646
1423,0.5349205732345581
1424,0.5176345109939575
1425,0.4979437589645386
1426,0.47686177492141724
1427,0.4536678194999695
1428,0.43318912386894226
1429,0.4119463562965393
1430,0.38721710443496704
1431,0.3610718846321106
1432,0.3349292278289795
1433,0.31034258008003235
1434,0.2849107086658478
1435,0.2605303227901459
1436,0.23619115352630615
1437,0.21067935228347778
1438,0.18368291854858398
1439,0.15267008543014526
1440,0.12072844058275223
1441,0.09041723608970642
1442,0.06229451671242714
1443,0.03568042814731598
1444,0.013487393036484718
1505,0.6944422125816345
1506,0.7077614665031433
1507,0.7268368601799011
1508,0.7405264377593994
1509,0.7233698964118958
1510,0.7073958516120911
1512,0.6795629858970642
1513,0.6659411787986755
1514,0.6580764651298523
1515,0.6517952680587769
1516,0.6402921676635742
1517,0.6283152103424072
1518,0.6164470314979553
1519,0.6030232310295105
1520,0.5882225036621094
1521,0.5715592503547668
1522,0.5547710061073303
1523,0.5366021990776062
1524,0.5161049365997314
1525,0.4974924921989441
1526,0.4758026599884033
1527,0.45275643467903137
1528,0.4294765293598175
1529,0.407310426235199
1530,0.3846297264099121
1531,0.3594052791595459
1532,0.33136141300201416
1533,0.30313584208488464
1534,0.27807748317718506
1535,0.25378596782684326
1536,0.2296598255634308
1537,0.2023748904466629
1538,0.17437013983726501
1539,0.14389289915561676
1540,0.11152593046426773
1541,0.07923012226819992
1542,0.04892492666840553
1543,0.019195890054106712
1605,0.703991174697876
1606,0.7144873142242432
1607,0.7296959757804871
1608,0.7487576603889465
1609,0.7371680736541748
1610,0.7197707295417786
1611,0.7041647434234619
1612,0.6854429841041565
1613,0.6736322045326233
1614,0.6696308255195618
1615,0.6628694534301758
1616,0.6478826999664307
1617,0.6359558701515198
1618,0.6221653819084167
1619,0.6069114804267883
1620,0.5897437334060669
1621,0.573087215423584
1622,0.5541733503341675
1623,0.535576343536377
1624,0.5148034691810608
1625,0.4937058687210083
1626,0.47313427925109863
1627,0.4501018524169922
1628,0.4243362545967102
1629,0.4015812277793884
1630,0.3794223964214325
1631,0.35453468561172485
1632,0.32678699493408203
1633,0.2974839210510254
1634,0.27089396119117737
1635,0.24570846557617188
1636,0.2217368185520172
1637,0.19505462050437927
1638,0.1682254821062088
1639,0.13783468306064606
1640,0.10581889003515244
1641,0.07556530833244324
1642,0.04146558791399002
1643,0.011336821131408215
1704,0.6891604661941528
1705,0.721104085445404
1706,0.7284396290779114
1707,0.7361977696418762
1708,0.7492777109146118
1709,0.7464033365249634
1710,0.7271298766136169
1711,0.7020362019538879
1712,0.6999502778053284
1713,0.6951082944869995
1715,0.6724441647529602
1716,0.6573229432106018
1717,0.6424657702445984
1718,0.6270630359649658
1719,0.6108503341674805
1720,0.594104528427124
1721,0.5762073397636414
1722,0.5570954084396362
1723,0.5375264286994934
1724,0.5174382328987122
1725,0.49449336528778076
1726,0.47396087646484375
1727,0.451884925365448
1728,0.4260556995868683
1729,0.40147921442985535
1730,0.3791346549987793
1731,0.35535988211631775
1732,0.3287738561630249
1733,0.2999354302883148
1734,0.27118974924087524
1735,0.24462385475635529
1736,0.22077985107898712
1737,0.19575555622577667
1738,0.1683012843132019
1739,0.13929320871829987
1740,0.1091146320104599
1741,0.07608088105916977
1742,0.044044431298971176
1743,0.011029024608433247
1805,0.7498262524604797
1806,0.7543283104896545
1807,0.7562655210494995
1809,0.746099054813385
1810,0.7411026954650879
1811,0.7345830202102661
1812,0.726737380027771
1813,0.7172414660453796
1814,0.7048823237419128
1815,0.6870055794715881
1816,0.6724591255187988
1817,0.6575459837913513
1818,0.6413460373878479
1819,0.6244350671768188
1820,0.6066950559616089
1821,0.5875051021575928
1822,0.5691603422164917
1823,0.547909140586853
1824,0.5285264849662781
1825,0.5053900480270386
1826,0.48335862159729004
1827,0.4621863067150116
1828,0.43722784519195557
1829,0.4108143150806427
1830,0.387285441160202
1831,0.36436355113983154
1832,0.338529109954834
1833,0.309762567281723
1834,0.27984118461608887
1835,0.2514200806617737
1836,0.22586192190647125
1837,0.20053040981292725
1838,0.1743326485157013
1839,0.14569808542728424
1840,0.1138436496257782
1841,0.08148052543401718
1842,0.04938935860991478
1843,0.014157158322632313
1905,0.8176617622375488
1906,0.8192091584205627
1907,0.8161737322807312
1908,0.8104547262191772
1909,0.8031469583511353
1910,0.7943212985992432
1911,0.7842875719070435
1912,0.7727928757667542
1913,0.758560836315155
1914,0.7393605709075928
1915,0.7233487963676453
1916,0.7064595222473145
1917,0.6888136267662048
1918,0.6709023714065552
1919,0.6522237658500671
1920,0.6325216889381409
1921,0.6129405498504639
1922,0.5924574136734009
1923,0.5698605179786682
1924,0.5484482049942017
1925,0.5252620577812195
1926,0.4996112287044525
1927,0.4772138297557831
1928,0.45191633701324463
1929,0.42325925827026367
1930,0.3960523307323456
1931,0.371848464012146
1932,0.34527650475502014
1933,0.31517142057418823
1934,0.2835511565208435
1935,0.25191929936408997
1936,0.2238779067993164
1937,0.19683444499969482
1938,0.1694250851869583
1939,0.14141324162483215
1940,0.10894981026649475
1941,0.07550153881311417
1942,0.0432121641933918
1943,0.007992683909833431
2103,0.7476043105125427
2104,0.7580940127372742
2105,0.7739954590797424
2106,0.7890851497650146
2107,0.8091990351676941
2109,0.8113131523132324
2110,0.7947523593902588
2111,0.7777100801467896
2112,0.7605867385864258
2113,0.7448574900627136
2114,0.7257124185562134
2115,0.7062840461730957
2117,0.6678621768951416
2118,0.6534571051597595
2119,0.6352554559707642
2121,0.5892353057861328
2122,0.5683056116104126
2123,0.5456912517547607
2124,0.5533076524734497
2125,0.48519235849380493
2126,0.45571666955947876
2127,0.464867502450943
2128,0.43574362993240356
2129,0.4013958275318146
2130,0.3278779983520508
2131,0.3304848074913025
2132,0.30198001861572266
2134,0.23099389672279358
2135,0.18645063042640686
2136,0.15412001311779022
2140,0.0021311980672180653
2204,0.762209415435791
2205,0.7716551423072815
2206,0.7840630412101746
2207,0.8057152628898621
2208,0.8348407745361328
2209,0.8314241766929626
2210,0.8163533210754395
2211,0.8002815842628479
2212,0.7837904095649719
2213,0.7691464424133301
2214,0.7515923976898193
2215,0.7320475578308105
2216,0.7110277414321899
2217,0.6971105933189392
2218,0.6831250190734863
2219,0.6668915748596191
2220,0.6509363651275635
2221,0.6340265870094299
2222,0.6147557497024536
2223,0.5936591625213623
2224,0.5747221112251282
2225,0.5533217191696167
2226,0.5304473042488098
2227,0.5096860527992249
2228,0.48608919978141785
2229,0.4609740674495697
2230,0.440106600522995
2231,0.4167481064796448
2232,0.39232105016708374
2233,0.3721621334552765
2234,0.3464352786540985
2235,0.3172750174999237
2236,0.28826063871383667
2237,0.26517707109451294
2238,0.2482312172651291
2239,0.21926367282867432
2240,0.1877504140138626
2241,0.16301923990249634
2242,0.13300254940986633
2243,0.10262542963027954
2244,0.06892275810241699
2245,0.05756205692887306
2246,0.04883500561118126
2247,0.01998126320540905
2256,0.08576670289039612
2257,0.12821640074253082
2258,0.13344991207122803
2265,0.02002037689089775
2266,0.03545856848359108
2267,0.05528237298130989
2268,0.07741723954677582
2269,0.09198726713657379
2270,0.101251520216465
2305,0.7798974514007568
2306,0.7894970178604126
2307,0.8048012256622314
2308,0.8252085447311401
2309,0.8431926965713501
2310,0.8294840455055237
2311,0.8161802291870117
2312,0.8016655445098877
2313,0.7871748805046082
2314,0.7714192867279053
2315,0.7507289052009583
2316,0.7269656658172607
2317,0.7128573656082153
2318,0.6990217566490173
2319,0.6855888962745667
2320,0.6725073456764221
2321,0.6570236682891846
2322,0.6390597224235535
2323,0.6187662482261658
2324,0.5984138250350952
2325,0.5783945918083191
2326,0.5576685070991516
2327,0.5344358086585999
2328,0.5097482800483704
2329,0.4824956953525543
2330,0.45569509267807007
2331,0.43041202425956726
2332,0.404660701751709
2333,0.38143599033355713
2334,0.3563636839389801
2335,0.32784414291381836
2336,0.2969646751880646
2337,0.2652982473373413
2338,0.23418352007865906
2339,0.20351077616214752
2340,0.17407943308353424
2341,0.14753377437591553
2342,0.1195671409368515
2343,0.09594547003507614
2344,0.06625858694314957
2345,0.040295954793691635
2346,0.014258559793233871
2404,0.777546763420105
2405,0.7913426160812378
2406,0.7990553975105286
2407,0.8095108866691589
2408,0.8255742192268372
2409,0.8455004692077637
2410,0.8500183820724487
2411,0.8309746384620667
2412,0.8124485015869141
2413,0.795941174030304
2416,0.7322267293930054
2417,0.7206359505653381
2418,0.7096124291419983
2419,0.6955180764198303
2420,0.6814215779304504
2421,0.6642890572547913
2422,0.6456854939460754
2423,0.6279324293136597
2424,0.6078048348426819
2425,0.5855606198310852
2426,0.5623976588249207
2427,0.5382619500160217
2428,0.5162689685821533
2429,0.4927878677845001
2430,0.46805325150489807
2431,0.4429146349430084
2432,0.41536226868629456
2433,0.3863418996334076
2434,0.3579588532447815
2435,0.3294473886489868
2436,0.30094122886657715
2437,0.2721985876560211
2438,0.24529382586479187
2439,0.2193440943956375
2440,0.19223082065582275
2441,0.16339720785617828
2442,0.13258129358291626
2443,0.1026868000626564
2444,0.0680617168545723
2445,0.036557018756866455
2446,0.001821998506784439
2504,0.7863609194755554
2505,0.7617422938346863
2506,0.8133621215820312
2507,0.8192789554595947
2508,0.8288782835006714
2509,0.842940092086792
2510,0.8607257008552551
2511,0.8433541655540466
2512,0.8256618976593018
2513,0.8090682625770569
2514,0.7815929055213928
2515,0.7487409114837646
2516,0.7401670813560486
2518,0.7164961695671082
2519,0.7020745873451233
2520,0.6842357516288757
2521,0.6672284007072449
2522,0.647904634475708
2523,0.6264818906784058
2524,0.6056662797927856
2525,0.5849183201789856
2526,0.5607357621192932
2527,0.5351409912109375
2528,0.5097565054893494
2529,0.484828919172287
2530,0.4599483907222748
2531,0.4341787099838257
2532,0.40785321593284607
2533,0.3789956867694855
2534,0.34821727871894836
2535,0.31638067960739136
2536,0.2845759987831116
2537,0.2554076015949249
2538,0.22471384704113007
2539,0.19764937460422516
2540,0.16849392652511597
2541,0.1408800184726715
2542,0.10809558629989624
2543,0.08053147047758102
2544,0.044909290969371796
2545,0.014258391223847866
2605,0.8301405310630798
2606,0.8348816633224487
2607,0.8371554613113403
2608,0.8397983908653259
2609,0.8446537852287292
2610,0.8538190722465515
2612,0.8340697884559631
2613,0.7871248126029968
2614,0.7791492342948914
2615,0.7678776383399963
2616,0.7536028027534485
2617,0.738583505153656
2618,0.7215713262557983
2619,0.7041911482810974
2620,0.6859412789344788
2621,0.6650711297988892
2622,0.6450270414352417
2623,0.6235370635986328
2624,0.5998697280883789
2625,0.5767093896865845
2626,0.5536967515945435
2627,0.5292177796363831
2628,0.5029821395874023
2629,0.47446560859680176
2630,0.44748926162719727
2631,0.42225873470306396
2632,0.39657172560691833
2633,0.3695923089981079
2634,0.339738667011261
2635,0.3089619576931
2636,0.2782260775566101
2637,0.2449110746383667
2638,0.2125331312417984
2639,0.18310530483722687
2640,0.15318883955478668
2641,0.12501981854438782
2642,0.09369200468063354
2643,0.06533219665288925
2644,0.03838259354233742
2645,0.002834408078342676
2703,0.8155547380447388
2704,0.8360224366188049
2705,0.8654173016548157
2706,0.8681156635284424
2707,0.8672918081283569
2708,0.8651615381240845
2709,0.8623711466789246
2710,0.8492327928543091
2711,0.8407020568847656
2712,0.8296096324920654
2713,0.8118975758552551
2714,0.7971488237380981
2715,0.7817695736885071
2716,0.7650942802429199
2717,0.7481977939605713
2718,0.7300757169723511
2719,0.7107928991317749
2720,0.6910672187805176
2721,0.6708433032035828
2722,0.6490808129310608
2723,0.6268171668052673
2724,0.604694664478302
2725,0.5803675055503845
2726,0.5550899505615234
2727,0.5317980647087097
2728,0.5075516700744629
2729,0.48073166608810425
2730,0.4520944356918335
2731,0.42415690422058105
2732,0.39723002910614014
2733,0.3720949590206146
2734,0.3450191915035248
2735,0.3157733678817749
2736,0.28537896275520325
2737,0.2538957893848419
2738,0.22034987807273865
2739,0.18885642290115356
2740,0.1560518592596054
2741,0.12806841731071472
2742,0.09497160464525223
2743,0.067552350461483
2744,0.03717272728681564
2745,0.008892795071005821
2806,0.9294396638870239
2807,0.924672544002533
2808,0.9173054695129395
2809,0.9078448414802551
2810,0.8962044715881348
2811,0.8817334175109863
2812,0.8622270822525024
2813,0.8454662561416626
2814,0.8282246589660645
2815,0.8106086850166321
2816,0.7923484444618225
2817,0.7741449475288391
2818,0.7549123167991638
2819,0.7353261709213257
2820,0.7145067453384399
2821,0.6928666830062866
2822,0.6718718409538269
2823,0.6487922668457031
2824,0.6254488229751587
2825,0.6028964519500732
2826,0.5773921012878418
2827,0.5512079000473022
2828,0.5271342396736145
2829,0.5019896626472473
2830,0.47439754009246826
2831,0.44496971368789673
2832,0.4156150221824646
2833,0.38780614733695984
2834,0.3605292737483978
2835,0.33317869901657104
2836,0.30345237255096436
2837,0.27061739563941956
2838,0.23746655881404877
2839,0.20350615680217743
2840,0.1683155745267868
2841,0.13342563807964325
2842,0.10009320825338364
2843,0.06892762333154678
2844,0.03754621371626854
2845,0.008718172088265419
2905,1.04114830493927
2906,1.0363657474517822
2907,1.0259288549423218
2908,1.0117980241775513
2909,0.9944409132003784
2910,0.971513032913208
2911,0.950402557849884
2912,0.9291085004806519
2913,0.9079263210296631
2914,0.8867408633232117
2915,0.8658846020698547
2916,0.8445906043052673
2917,0.8232853412628174
2918,0.8011670708656311
2919,0.7785550355911255
2920,0.7556400895118713
2921,0.7319307923316956
2922,0.7063096761703491
2923,0.6823391318321228
2924,0.6551988124847412
2925,0.6286148428916931
2926,0.6020901203155518
2927,0.5721457600593567
2928,0.5416103601455688
2929,0.5136929154396057
2930,0.48404285311698914
2931,0.45144906640052795
2932,0.4170914888381958
2933,0.38267800211906433
2934,0.3511071801185608
2935,0.3192138671875
2936,0.2876293957233429
2937,0.25291961431503296
2938,0.2169894129037857
2939,0.1788228452205658
2940,0.1397966891527176
2941,0.10159125924110413
2942,0.06429660320281982
2943,0.027687707915902138
3103,0.8428992629051208
3104,0.854091465473175
3105,0.8625801801681519
3106,0.8716974258422852
3107,0.8852261900901794
3108,0.9021585583686829
3109,0.9234457015991211
3110,0.9140443205833435
3111,0.8948139548301697
3112,0.8764356970787048
3113,0.8571091294288635
3114,0.8359604477882385
3115,0.8111491203308105
3116,0.7723172903060913
3117,0.7423598170280457
3118,0.7192397713661194
3119,0.702902615070343
3120,0.6879667639732361
3121,0.6972116827964783
3122,0.6688678860664368
3123,0.6395601034164429
3124,0.5893597602844238
3125,0.5849173069000244
3126,0.5518426895141602
3127,0.5230939984321594
3129,0.4546627700328827
3134,0.2918006479740143
3203,0.8489898443222046
3204,0.8588953018188477
3205,0.8665852546691895
3206,0.8864338994026184
3207,0.9027087688446045
3208,0.9202951192855835
3209,0.9403201937675476
3210,0.9461454749107361
3211,0.9280335307121277
3212,0.9102482199668884
3213,0.8913450837135315
3214,0.8707372546195984
3215,0.8485418558120728
3216,0.8187385201454163
3217,0.7849283218383789
3218,0.7581160664558411
3219,0.7395218014717102
3220,0.7232492566108704
3221,0.7064522504806519
3222,0.6876683235168457
3223,0.6650503873825073
3224,0.642082154750824
3225,0.6191643476486206
3226,0.5947239995002747
3227,0.5690531730651855
3228,0.5460351705551147
3229,0.5255513191223145
3230,0.49812081456184387
3231,0.4708877503871918
3232,0.4405720829963684
3233,0.4073590040206909
3234,0.38661840558052063
3235,0.37644344568252563
3236,0.3533685803413391
3237,0.3304516673088074
3238,0.30049318075180054
3239,0.25685152411460876
3240,0.21102379262447357
3241,0.17555847764015198
3242,0.1859208345413208
3243,0.17853793501853943
3244,0.15433429181575775
3245,0.12335951626300812
3246,0.09447290003299713
3247,0.03870844095945358
3253,0.14178670942783356
3254,0.06543445587158203
3255,0.062181856483221054
3264,0.039412397891283035
3265,0.02416102960705757
3304,0.8714495301246643
3305,0.8793734908103943
3306,0.8852005004882812
3307,0.894158124923706
3308,0.9130678176879883
3309,0.9379100799560547
3310,0.962356448173523
3311,0.9612098336219788
3312,0.9443802833557129
3313,0.9260885715484619
3314,0.9068116545677185
3315,0.8844782114028931
3316,0.8586038947105408
3317,0.8261772990226746
3318,0.7874558568000793
3319,0.7690595984458923
3320,0.7550644874572754
3321,0.7395932078361511
3322,0.7223394513130188
3323,0.7030858993530273
3324,0.681873619556427
3325,0.6581999063491821
3326,0.6322341561317444
3327,0.6060731410980225
3328,0.582551121711731
3329,0.5575273633003235
3330,0.533616840839386
3331,0.5082805752754211
3332,0.47955840826034546
3333,0.44981876015663147
3334,0.41920652985572815
3335,0.3865143060684204
3336,0.35405299067497253
3337,0.3247334361076355
3338,0.29821357131004333
3339,0.2711312472820282
3340,0.24585747718811035
3341,0.21409478783607483
3342,0.1850191056728363
3343,0.1493518352508545
3344,0.11908336728811264
3345,0.07925345003604889
3346,0.04735147953033447
3347,0.0037618393544107676
3403,0.8668320775032043
3404,0.8858417272567749
3405,0.8974515199661255
3406,0.9017008543014526
3407,0.9057402014732361
3408,0.9123021960258484
3409,0.9252766370773315
3410,0.9433690905570984
3411,0.9643142819404602
3412,0.9625357985496521
3413,0.9429225325584412
3414,0.9223583340644836
3416,0.8674865365028381
3417,0.8224396705627441
3418,0.8038649559020996
3419,0.7908429503440857
3420,0.7748591899871826
3421,0.7580209374427795
3422,0.7397875785827637
3423,0.7198041081428528
3424,0.6977991461753845
3425,0.6741323471069336
3426,0.649773359298706
3427,0.6236964464187622
3428,0.5988275408744812
3429,0.5731958746910095
3430,0.5486553311347961
3431,0.5222072005271912
3432,0.49645254015922546
3433,0.46872255206108093
3434,0.44038039445877075
3435,0.41158246994018555
3436,0.3810082674026489
3437,0.3493906557559967
3438,0.3176199197769165
3439,0.2822932302951813
3440,0.2496534138917923
3441,0.21259060502052307
3442,0.18050053715705872
3443,0.144878551363945
3444,0.11566261202096939
3445,0.07965520024299622
3446,0.050144512206315994
3447,0.021199220791459084
3505,0.921914279460907
3506,0.9243390560150146
3507,0.9257059693336487
3508,0.9265933036804199
3509,0.9289141297340393
3510,0.9344285726547241
3511,0.9444764852523804
3512,0.9557862281799316
3513,0.9554915428161621
3514,0.9288882613182068
3515,0.8985388278961182
3516,0.841391921043396
3517,0.8318665027618408
3518,0.8176525831222534
3519,0.7998873591423035
3520,0.7824586629867554
3521,0.761830747127533
3522,0.7392188310623169
3523,0.717931866645813
3524,0.6955104470252991
3525,0.672004759311676
3526,0.6467151641845703
3527,0.6194231510162354
3528,0.591650128364563
3529,0.5637208223342896
3530,0.5353280901908875
3531,0.5070856213569641
3532,0.47850388288497925
3533,0.451540470123291
3534,0.42174819111824036
3535,0.3918287456035614
3536,0.36224308609962463
3537,0.32827603816986084
3538,0.29521819949150085
3539,0.26149091124534607
3540,0.22481723129749298
3541,0.19081193208694458
3542,0.15220773220062256
3543,0.11701767146587372
3544,0.08181704580783844
3545,0.03939643129706383
3546,0.008345860056579113
3605,0.9552951455116272
3606,0.9570717811584473
3607,0.9551395773887634
3608,0.9517247676849365
3609,0.9474658370018005
3610,0.9429209232330322
3611,0.9378397464752197
3612,0.9285749197006226
3613,0.8975833058357239
3614,0.8846303820610046
3615,0.8703194856643677
3616,0.853752613067627
3617,0.8361805081367493
3618,0.8183372020721436
3619,0.7982958555221558
3620,0.7777000665664673
3621,0.7546797394752502
3622,0.7335363030433655
3623,0.7096656560897827
3624,0.6834971308708191
3625,0.6582325100898743
3626,0.6333460211753845
3627,0.6075630784034729
3628,0.5808305144309998
3629,0.5528664588928223
3630,0.5238107442855835
3631,0.4935068190097809
3632,0.4619062840938568
3633,0.43165525794029236
3634,0.40339192748069763
3635,0.3723139762878418
3636,0.3452467918395996
3637,0.3129802346229553
3638,0.2835227847099304
3639,0.2498365193605423
3640,0.21861039102077484
3641,0.1816944181919098
3642,0.14944592118263245
3643,0.11410272866487503
3644,0.07605075091123581
3645,0.04277270287275314
3705,1.0050740242004395
3706,1.0045697689056396
3707,1.0030301809310913
3708,0.9944995641708374
3710,0.9661771059036255
3711,0.9489656090736389
3712,0.932780385017395
3713,0.9164268970489502
3714,0.8995494246482849
3715,0.8820067644119263
3716,0.8638526797294617
3717,0.8444928526878357
3718,0.8246204853057861
3719,0.8041110634803772
3720,0.7813801765441895
3721,0.7600029706954956
3722,0.7360368371009827
3723,0.7120131254196167
3724,0.6885371208190918
3725,0.6635083556175232
3726,0.6369571685791016
3727,0.6096053123474121
3728,0.5836653113365173
3729,0.5580326318740845
3730,0.5311859250068665
3731,0.5033379793167114
3732,0.4737633764743805
3733,0.44242843985557556
3734,0.41218364238739014
3735,0.37933439016342163
3736,0.3504061698913574
3737,0.31898871064186096
3738,0.28989988565444946
3739,0.2579073905944824
3740,0.229642853140831
3741,0.1951063722372055
3742,0.16348347067832947
3743,0.13064448535442352
3744,0.09392326325178146
3745,0.0607951357960701
3746,0.019815517589449883
3805,1.0880928039550781
3806,1.0829815864562988
3807,1.0724533796310425
3808,1.0574575662612915
3809,1.0354113578796387
3810,1.015122652053833
3811,0.9946596026420593
3812,0.9745632410049438
3813,0.9548466801643372
3814,0.9353976845741272
3815,0.9159863591194153
3816,0.8960924744606018
3817,0.8757799863815308
3818,0.8548380136489868
3819,0.8336038589477539
3820,0.811189591884613
3821,0.7888325452804565
3822,0.765356183052063
3823,0.7424424886703491
3824,0.716908872127533
3825,0.69218909740448
3826,0.6680294871330261
3827,0.641696572303772
3828,0.6136138439178467
3829,0.5852927565574646
3830,0.5570759773254395
3831,0.5305261015892029
3832,0.5027230381965637
3833,0.47222962975502014
3834,0.4413198232650757
3835,0.4082377552986145
3836,0.3735947608947754
3837,0.33958131074905396
3838,0.3062421679496765
3839,0.2720438838005066
3840,0.2393152266740799
3841,0.20733052492141724
3842,0.1712953746318817
3843,0.13989686965942383
3844,0.10235786437988281
3845,0.06767600029706955
3846,0.025729365646839142
3905,1.2168761491775513
3906,1.1882712841033936
3907,1.1610556840896606
3908,1.1361770629882812
3909,1.1118425130844116
3910,1.0877536535263062
3912,1.040163278579712
3913,1.016928791999817
3914,0.9939957857131958
3915,0.9713327884674072
3916,0.9484994411468506
3917,0.92543625831604
3918,0.9015114307403564
3919,0.8773053288459778
3920,0.8524205684661865
3921,0.8256633877754211
3922,0.8000165224075317
3923,0.7710342407226562
3924,0.7435617446899414
3925,0.7138338685035706
3926,0.6824151277542114
3927,0.6525949835777283
3928,0.6208853125572205
3929,0.5868000984191895
3930,0.5503676533699036
3931,0.5146821141242981
3932,0.4796644151210785
3933,0.4455084204673767
3934,0.4084196388721466
3935,0.37054774165153503
3936,0.33065539598464966
3937,0.29005637764930725
3938,0.24719475209712982
3939,0.20431602001190186
3940,0.16583409905433655
3941,0.12657082080841064
3942,0.0851285308599472
3943,0.049256831407547
3944,0.009798182174563408
4102,0.9264933466911316
4104,0.9500212073326111
4105,0.9553916454315186
4106,0.9580732583999634
4107,0.9621503353118896
4110,0.9484552145004272
4111,0.9388432502746582
4112,0.9249558448791504
4113,0.9087553024291992
4114,0.8918599486351013
4115,0.8708279728889465
4116,0.8497398495674133
4117,0.8335875272750854
4118,0.8379555344581604
4119,0.8132210969924927
4120,0.7814048528671265
4121,0.7481058239936829
4122,0.7345543503761292
4123,0.703056275844574
4124,0.6732082366943359
4126,0.6091983914375305
4127,0.5781053900718689
4130,0.4683340787887573
4133,0.36964675784111023
4134,0.3137320578098297
4137,0.22375547885894775
4138,0.13928891718387604
4140,0.13412323594093323
4141,0.0701938048005104
4203,0.9456073641777039
4204,0.9546937942504883
4205,0.9751309156417847
4206,0.9821079969406128
4207,0.9893394112586975
4208,0.9993622899055481
4209,1.0131949186325073
4210,1.02919602394104
4211,1.0463160276412964
4212,1.0388603210449219
4213,1.0175509452819824
4214,0.9947047829627991
4215,0.9711135625839233
4216,0.9440481066703796
4217,0.9171441197395325
4218,0.8832765817642212
4219,0.8357142806053162
4220,0.7918243408203125
4221,0.775347888469696
4222,0.7561999559402466
4223,0.73324054479599
4224,0.7076686024665833
4225,0.6810976266860962
4226,0.6603389978408813
4227,0.6355172395706177
4228,0.6056268215179443
4229,0.5732535719871521
4230,0.5403749346733093
4231,0.5059687495231628
4232,0.4869803786277771
4233,0.4757617712020874
4234,0.45014575123786926
4235,0.4088911712169647
4236,0.35163024067878723
4237,0.3087294101715088
4238,0.2654637396335602
4240,0.2969495356082916
4241,0.28117668628692627
4242,0.26949405670166016
4243,0.17263425886631012
4244,0.06895295530557632
4245,0.02690465748310089
4248,0.09529412537813187
4249,0.10281244665384293
4250,0.11130278557538986
4251,0.05694190785288811
4259,0.026505913585424423
4260,0.20882666110992432
4303,0.9533074498176575
4304,0.9727765321731567
4305,0.9786278009414673
4306,0.9840508699417114
4307,1.0011177062988281
4308,1.0166574716567993
4309,1.0308808088302612
4310,1.0446223020553589
4311,1.0594425201416016
4312,1.073998212814331
4313,1.0687609910964966
4314,1.047279715538025
4315,1.0189387798309326
4316,0.9874984622001648
4317,0.9582653045654297
4318,0.9283535480499268
4319,0.8800990581512451
4320,0.8344074487686157
4321,0.8194329142570496
4322,0.8004177212715149
4323,0.7781165242195129
4324,0.7538076639175415
4325,0.7315054535865784
4326,0.7087154388427734
4327,0.685710608959198
4328,0.660542905330658
4329,0.6346391439437866
4330,0.6053857207298279
4331,0.5756927728652954
4332,0.5432865619659424
4333,0.5100127458572388
4334,0.4807555079460144
4335,0.4518864154815674
4336,0.4245601296424866
4337,0.39679738879203796
4338,0.3703652322292328
4339,0.33780625462532043
4340,0.30508923530578613
4341,0.2656875550746918
4342,0.2316565066576004
4343,0.19141632318496704
4344,0.1567588895559311
4345,0.12517544627189636
4346,0.08749528974294662
4347,0.06342139840126038
4348,0.04167105630040169
4349,0.021093403920531273
4404,0.9936960935592651
4405,1.0025502443313599
4406,1.0049811601638794
4407,1.0068364143371582
4408,1.0120792388916016
4409,1.0227420330047607
4410,1.035408616065979
4411,1.0482615232467651
4412,1.0596030950546265
4413,1.0696858167648315
4415,1.0420262813568115
4416,1.011084794998169
4417,0.985207736492157
4418,0.9389824867248535
4419,0.8804246187210083
4420,0.8682153820991516
4421,0.8510631918907166
4422,0.8314664959907532
4423,0.8103654384613037
4424,0.7876970767974854
4425,0.7634859085083008
4426,0.7381088137626648
4427,0.712380588054657
4428,0.6849144697189331
4429,0.6572588682174683
4430,0.6289048194885254
4431,0.5996337532997131
4432,0.5710641741752625
4434,0.51097571849823
4435,0.482500821352005
4436,0.4504736363887787
4437,0.4205130934715271
4438,0.38971731066703796
4439,0.3611670434474945
4440,0.32614079117774963
4441,0.2958800196647644
4442,0.25949546694755554
4443,0.22909918427467346
4444,0.19126823544502258
4445,0.15576347708702087
4446,0.12385128438472748
4447,0.07939474284648895
4448,0.04649247229099274
4449,0.014908583834767342
4505,1.0339065790176392
4506,1.0346888303756714
4507,1.0328142642974854
4508,1.0303983688354492
4509,1.0289191007614136
4510,1.029586672782898
4511,1.029998779296875
4512,1.0251847505569458
4513,1.0197992324829102
4514,1.0143452882766724
4515,1.0103315114974976
4516,0.9449814558029175
4517,0.9339064955711365
4518,0.91812664270401
4520,0.8769749402999878
4521,0.8541611433029175
4522,0.8316239714622498
4523,0.8085975646972656
4524,0.784356415271759
4525,0.7587935924530029
4526,0.732367217540741
4527,0.7044956684112549
4528,0.6756364107131958
4529,0.646537184715271
4530,0.6168262362480164
4531,0.5856093168258667
4532,0.5527257323265076
4533,0.5197173357009888
4534,0.48805925250053406
4535,0.45330747961997986
4536,0.42255839705467224
4537,0.3874095678329468
4538,0.35521969199180603
4539,0.3185160756111145
4540,0.2879520654678345
4541,0.24900652468204498
4542,0.21586774289608002
4543,0.18323802947998047
4544,0.14411161839962006
4545,0.11294642090797424
4546,0.07884136587381363
4547,0.032933857291936874
4548,0.0014497796073555946
4605,1.0760903358459473
4606,1.0747262239456177
4607,1.0690232515335083
4608,1.0607835054397583
4609,1.0506428480148315
4610,1.0364793539047241
4611,1.0246825218200684
4612,1.0107951164245605
4613,0.9981287717819214
4614,0.9838230609893799
4615,0.9670984745025635
4616,0.9493669867515564
4617,0.9308881759643555
4618,0.9108592867851257
4619,0.8891268372535706
4620,0.8654802441596985
4621,0.8430805802345276
4622,0.819068431854248
4623,0.7933770418167114
4624,0.7659776210784912
4625,0.7382844686508179
4626,0.7110861539840698
4627,0.6836051344871521
4628,0.6561461687088013
4629,0.6279369592666626
4630,0.598781943321228
4631,0.5691667199134827
4632,0.5390624403953552
4633,0.5065231919288635
4634,0.47531968355178833
4635,0.44085052609443665
4636,0.4087652266025543
4637,0.37258559465408325
4638,0.33945292234420776
4639,0.30338749289512634
4640,0.2669140696525574
4641,0.2340323030948639
4642,0.19419260323047638
4643,0.16101843118667603
4644,0.12822730839252472
4645,0.08688227832317352
4646,0.05405021458864212
4647,0.021198419854044914
4704,1.123199462890625
4707,1.1211658716201782
4708,1.1009292602539062
4710,1.0616847276687622
4711,1.0431618690490723
4712,1.0258163213729858
4713,1.008784294128418
4714,0.9914028644561768
4715,0.9727254509925842
4716,0.9536769390106201
4717,0.9332533478736877
4718,0.9112088680267334
4719,0.8893828988075256
4720,0.8660778999328613
4721,0.8434095978736877
4722,0.8181293606758118
4723,0.792543888092041
4724,0.7685279250144958
4725,0.7432165741920471
4726,0.716593325138092
4727,0.6898537278175354
4728,0.6610174775123596
4729,0.6313958168029785
4730,0.6027478575706482
4731,0.5736318230628967
4732,0.5452645421028137
4733,0.5162168741226196
4734,0.4872729182243347
4735,0.457136332988739
4736,0.42584070563316345
4737,0.3952871263027191
4738,0.3596530258655548
4739,0.32812079787254333
4740,0.29075857996940613
4741,0.25674110651016235
4742,0.2228265106678009
4743,0.18221668899059296
4744,0.14784705638885498
4745,0.10501843690872192
4746,0.06806337088346481
4747,0.02572113648056984
4806,1.2009152173995972
4807,1.1772346496582031
4808,1.15382719039917
4809,1.1305683851242065
4810,1.1078323125839233
4811,1.0858354568481445
4812,1.0647867918014526
4813,1.0443429946899414
4814,1.024263620376587
4815,1.004224419593811
4816,0.9837368726730347
4817,0.9626275897026062
4818,0.9413815140724182
4819,0.9202876687049866
4820,0.8974289894104004
4821,0.8747273683547974
4822,0.850354015827179
4823,0.8272477388381958
4824,0.8024945855140686
4825,0.7767787575721741
4826,0.7490503787994385
4827,0.7238086462020874
4828,0.6970197558403015
4829,0.6699894070625305
4830,0.6408008933067322
4831,0.6101834774017334
4832,0.5788584351539612
4833,0.5455763936042786
4834,0.5149129629135132
4835,0.48138096928596497
4836,0.45101118087768555
4837,0.4174022376537323
4838,0.3845853805541992
4839,0.3501124978065491
4840,0.31322693824768066
4841,0.27682021260261536
4842,0.2382582277059555
4843,0.19799764454364777
4844,0.158876433968544
4845,0.114679716527462
4846,0.07502131909132004
4847,0.029117215424776077
4905,1.3088266849517822
4906,1.2663935422897339
4907,1.2397266626358032
4908,1.2150838375091553
4909,1.190534234046936
4910,1.1662712097167969
4911,1.1420320272445679
4912,1.1181604862213135
4913,1.0948899984359741
4914,1.07256281375885
4915,1.0496972799301147
4916,1.0259333848953247
4917,1.0031543970108032
4918,0.978823721408844
4919,0.9535101652145386
4920,0.9274342656135559
4921,0.8999714851379395
4922,0.8717276453971863
4923,0.8433529734611511
4924,0.8114078044891357
4925,0.7811604738235474
4926,0.7490006685256958
4927,0.7137631773948669
4928,0.6769985556602478
4929,0.6412675976753235
4930,0.604753851890564
4931,0.5674424171447754
4932,0.5280187129974365
4933,0.4860480725765228
4934,0.44241467118263245
4935,0.39698877930641174
4936,0.3530425429344177
4937,0.31113195419311523
4938,0.26552650332450867
4939,0.2224246710538864
4940,0.18030405044555664
4941,0.13272465765476227
4942,0.08981610834598541
4943,0.04067963734269142
5102,1.017951250076294
5103,1.0302786827087402
5104,1.037245273590088
5105,1.0443947315216064
5106,1.0479042530059814
5107,1.0478143692016602
5108,1.0481617450714111
5109,1.047352910041809
5110,1.0419687032699585
5111,1.0312749147415161
5112,1.0276844501495361
5113,1.014593243598938
5114,0.9860453009605408
5115,0.9709456562995911
5116,0.9522542953491211
5117,0.9266980886459351
5118,0.8985781669616699
5119,0.8805729746818542
5120,0.8526182770729065
5121,0.8149673938751221
5122,0.7895818948745728
5123,0.7644192576408386
5124,0.7330723404884338
5126,0.6681410670280457
5127,0.63105708360672
5128,0.6073218584060669
5129,0.5636433362960815
5130,0.5000872611999512
5131,0.4993649423122406
5132,0.45343151688575745
5133,0.42610877752304077
5135,0.31418082118034363
5137,0.23057639598846436
5139,0.19308535754680634
5140,0.09971857815980911
5142,0.07322707772254944
5143,0.03150815889239311
5203,1.0411803722381592
5204,1.0629706382751465
5205,1.0696898698806763
5206,1.0741482973098755
5207,1.0779539346694946
5208,1.0835001468658447
5209,1.0908257961273193
5210,1.0996085405349731
5211,1.108107328414917
5212,1.116206169128418
5213,1.1232765913009644
5214,1.1094918251037598
5215,1.0829819440841675
5216,1.0543118715286255
5217,1.0244135856628418
5218,0.9942280650138855
5219,0.96807861328125
5220,0.9352020025253296
5221,0.8795596361160278
5222,0.8151382207870483
5223,0.7946071028709412
5224,0.7711394429206848
5225,0.7507886290550232
5226,0.7241677045822144
5227,0.6938669681549072
5228,0.66253262758255
5229,0.6324610114097595
5230,0.6013849377632141
5231,0.5784998536109924
5232,0.5432695150375366
5233,0.4988141357898712
5234,0.4582371711730957
5235,0.42057472467422485
5236,0.3951108455657959
5238,0.38872483372688293
5239,0.3419238328933716
5240,0.2806582450866699
5241,0.2209542691707611
5242,0.16188672184944153
5243,0.11833346635103226
5244,0.09270146489143372
5245,0.11093046516180038
5246,0.2272927463054657
5303,1.0628609657287598
5304,1.0725888013839722
5305,1.0774539709091187
5307,1.1094255447387695
5308,1.1146785020828247
5309,1.1196305751800537
5310,1.1248855590820312
5311,1.130122184753418
5312,1.134368658065796
5313,1.1371029615402222
5314,1.131203055381775
5315,1.1269158124923706
5317,1.0825990438461304
5319,1.0215405225753784
5320,0.9857422113418579
5321,0.8974329233169556
5322,0.8693649768829346
5323,0.8524237871170044
5324,0.8315997123718262
5325,0.8092299103736877
5326,0.785727858543396
5327,0.7597278952598572
5328,0.731548547744751
5329,0.7011390328407288
5330,0.6684941053390503
5331,0.6354777812957764
5332,0.6069493889808655
5333,0.5801776051521301
5334,0.5520952939987183
5335,0.5261718034744263
5336,0.4945809543132782
5337,0.46491315960884094
5338,0.428270548582077
5339,0.3924042284488678
5340,0.3518647253513336
5341,0.3156483769416809
5342,0.27503883838653564
5343,0.2486819177865982
5344,0.2212894707918167
5345,0.18416698276996613
5346,0.16050098836421967
5347,0.13704045116901398
5348,0.11032002419233322
5349,0.060919757932424545
5350,0.029608622193336487
5404,1.1002248525619507
5405,1.1063240766525269
5406,1.1070127487182617
5407,1.1095168590545654
5408,1.121931791305542
5409,1.13350510597229
5410,1.1384114027023315
5411,1.138956069946289
5412,1.1348216533660889
5413,1.1258955001831055
5414,1.1208440065383911
5415,1.1158028841018677
5416,1.1104742288589478
5417,1.1056125164031982
5418,1.0787806510925293
5419,1.0431456565856934
5420,0.9570298790931702
5421,0.9398068785667419
5422,0.9189422726631165
5423,0.8961906433105469
5424,0.8725444674491882
5425,0.8479503393173218
5426,0.8229956030845642
5427,0.7973429560661316
5428,0.7708702087402344
5429,0.744086742401123
5430,0.7165395021438599
5431,0.6880128979682922
5432,0.6580681204795837
5433,0.6270331740379333
5434,0.5969377756118774
5435,0.5631377100944519
5436,0.5301591753959656
5437,0.49612167477607727
5438,0.46024641394615173
5439,0.4257781505584717
5440,0.38945919275283813
5441,0.35169413685798645
5442,0.3178000748157501
5443,0.2737613618373871
5444,0.23966023325920105
5445,0.20207512378692627
5446,0.15556056797504425
5447,0.12153536826372147
5448,0.08432415127754211
5449,0.03033735603094101
5504,1.1314119100570679
5505,1.1423283815383911
5506,1.1410062313079834
5507,1.1366069316864014
5508,1.1318790912628174
5509,1.1308391094207764
5510,1.1295785903930664
5511,1.1262421607971191
5512,1.1201378107070923
5513,1.1114957332611084
5514,1.100907802581787
5515,1.087695837020874
5516,1.0534441471099854
5517,1.0358922481536865
5518,1.0147584676742554
5519,0.992739200592041
5520,0.970212996006012
5521,0.9469862580299377
5522,0.9224288463592529
5523,0.8973672389984131
5524,0.8711055517196655
5525,0.8442170023918152
5526,0.8165408372879028
5527,0.7880841493606567
5528,0.7581217885017395
5529,0.7280460596084595
5530,0.6976889967918396
5531,0.6668148636817932
5532,0.6341931819915771
5533,0.6028727293014526
5534,0.568410336971283
5535,0.5356929898262024
5536,0.4995284378528595
5537,0.46614786982536316
5538,0.42823076248168945
5539,0.39455559849739075
5540,0.35284993052482605
5541,0.3188387453556061
5542,0.2812315821647644
5543,0.23917880654335022
5544,0.2046322226524353
5545,0.16218630969524384
5546,0.11896491795778275
5547,0.08529260754585266
5548,0.04943294823169708
5605,1.1896114349365234
5606,1.1838045120239258
5607,1.1726658344268799
5609,1.1381490230560303
5610,1.1269274950027466
5611,1.1167830228805542
5612,1.1062461137771606
5613,1.093704104423523
5614,1.0785491466522217
5615,1.0615756511688232
5616,1.0417401790618896
5617,1.0228965282440186
5618,0.999618649482727
5619,0.9760332703590393
5620,0.9532236456871033
5621,0.9286420345306396
5622,0.9025238752365112
5623,0.8752605319023132
5624,0.8468917608261108
5625,0.8177173733711243
5626,0.7882211208343506
5627,0.7591589093208313
5628,0.7283586859703064
5629,0.6977476477622986
5630,0.6670197248458862
5631,0.634936511516571
5632,0.6038089990615845
5633,0.5711168646812439
5634,0.5394700169563293
5635,0.5065781474113464
5636,0.47321510314941406
5637,0.4417276382446289
5638,0.4035636782646179
5639,0.3719028830528259
5640,0.3411546051502228
5641,0.3001784086227417
5642,0.26663994789123535
5643,0.23495739698410034
5644,0.19548313319683075
5645,0.15786238014698029
5646,0.12497109919786453
5647,0.09115935117006302
5648,0.04168811812996864
5649,0.008787879720330238
5704,1.248826265335083
5705,1.2480261325836182
5707,1.2069751024246216
5708,1.184382438659668
5709,1.162318229675293
5710,1.1422169208526611
5711,1.1245170831680298
5712,1.1081613302230835
5713,1.0918290615081787
5714,1.0740036964416504
5715,1.0552116632461548
5716,1.0353760719299316
5717,1.0134326219558716
5718,0.9923939108848572
5719,0.9681206345558167
5720,0.9459094405174255
5721,0.9220972657203674
5722,0.8959124088287354
5723,0.8692478537559509
5724,0.8437305688858032
5725,0.8173607587814331
5726,0.7918745279312134
5727,0.7638594508171082
5728,0.7374042868614197
5729,0.7078326344490051
5730,0.6799746155738831
5731,0.6492149829864502
5732,0.6190131902694702
5733,0.5891287326812744
5734,0.5547704100608826
5735,0.5240822434425354
5736,0.4886224865913391
5737,0.4555276036262512
5738,0.4234297573566437
5739,0.3850542902946472
5740,0.35265329480171204
5741,0.32081717252731323
5742,0.2805066406726837
5743,0.24754802882671356
5744,0.2124122828245163
5745,0.17366181313991547
5746,0.1399148851633072
5747,0.09627625346183777
5748,0.058238472789525986
5749,0.011586817912757397
5805,1.3013173341751099
5806,1.2743453979492188
5807,1.2502634525299072
5809,1.2030117511749268
5810,1.180111289024353
5811,1.1582926511764526
5812,1.1378440856933594
5813,1.118504285812378
5814,1.099115014076233
5815,1.0798531770706177
5816,1.0603100061416626
5817,1.0396885871887207
5818,1.0188661813735962
5819,0.996740996837616
5820,0.9750180244445801
5821,0.9521650671958923
5822,0.928277313709259
5823,0.90321284532547
5824,0.8803378343582153
5825,0.8542301654815674
5826,0.8286224603652954
5827,0.7999318838119507
5828,0.7718487977981567
5829,0.7422656416893005
5830,0.7130739688873291
5831,0.6851385831832886
5832,0.6534457802772522
5833,0.6252737045288086
5834,0.5914451479911804
5835,0.560639500617981
5836,0.5252318382263184
5837,0.49160075187683105
5838,0.45355021953582764
5839,0.41468238830566406
5840,0.3770149052143097
5841,0.3347601294517517
5842,0.2957102060317993
5843,0.2519594430923462
5844,0.20919229090213776
5845,0.16459892690181732
5846,0.12483017146587372
5847,0.0766056701540947
5848,0.03783351555466652
5905,1.4923288822174072
5907,1.2945586442947388
5908,1.270490050315857
5909,1.2467975616455078
5910,1.223515272140503
5911,1.1992642879486084
5912,1.176498532295227
5914,1.131434679031372
5915,1.1103521585464478
5916,1.0863631963729858
5917,1.063442587852478
5918,1.0370607376098633
5919,1.0131456851959229
5920,0.9841100573539734
5921,0.9572414755821228
5922,0.9266045093536377
5923,0.8963338732719421
5924,0.8636269569396973
5925,0.8293558359146118
5926,0.7930477261543274
5927,0.7574859261512756
5928,0.7198946475982666
5929,0.6790013313293457
5930,0.6362261772155762
5931,0.5907660722732544
5932,0.5458915829658508
5933,0.5010666251182556
5934,0.4554304778575897
5935,0.4089674949645996
5936,0.36471685767173767
5937,0.31495845317840576
5938,0.2642093002796173
5939,0.2162562757730484
5940,0.16148291528224945
5941,0.11192197352647781
5942,0.055707383900880814
5943,0.006003085058182478
6101,1.0953665971755981
6103,1.1170461177825928
6104,1.1271579265594482
6107,1.1356538534164429
6109,1.123555302619934
6110,1.125410556793213
6111,1.116391897201538
6112,1.0968668460845947
6113,1.081872582435608
6114,1.0634933710098267
6115,1.0366411209106445
6116,1.0159820318222046
6117,0.9972413182258606
6118,0.9681236147880554
6119,0.9246476888656616
6127,0.6558625102043152
6203,1.1432503461837769
6204,1.1574690341949463
6205,1.1624832153320312
6206,1.1654963493347168
6207,1.1689813137054443
6208,1.1716547012329102
6209,1.1728626489639282
6210,1.1732673645019531
6211,1.1728270053863525
6212,1.1718426942825317
6213,1.1695538759231567
6214,1.1589421033859253
6215,1.149603009223938
6216,1.1406582593917847
6218,1.0864008665084839
6219,1.0591177940368652
6220,1.0326879024505615
6221,0.9943612217903137
6222,0.8916833996772766
6223,0.862905740737915
6224,0.8391883969306946
6225,0.8110944032669067
6226,0.7818560004234314
6227,0.7552345395088196
6229,0.6930277347564697
6230,0.6579952239990234
6231,0.6206840872764587
6232,0.5830987691879272
6234,0.530838668346405
6235,0.49316975474357605
6236,0.4637400209903717
6237,0.4220670461654663
6238,0.37876781821250916
6239,0.329990416765213
6240,0.294735312461853
6241,0.26111242175102234
6246,0.050664037466049194
6247,0.012317829765379429
6303,1.1617364883422852
6304,1.1708570718765259
6305,1.1934581995010376
6306,1.2056655883789062
6307,1.2090034484863281
6308,1.2099969387054443
6309,1.2091821432113647
6310,1.206699013710022
6311,1.2020719051361084
6312,1.1936659812927246
6313,1.1834003925323486
6314,1.1747186183929443
6315,1.1675628423690796
6316,1.1605300903320312
6317,1.1532847881317139
6318,1.1457538604736328
6319,1.1338765621185303
6320,1.095076322555542
6321,1.0616451501846313
6323,0.926124095916748
6324,0.9070897102355957
6325,0.8836585283279419
6326,0.8561798930168152
6327,0.8261588215827942
6328,0.7945567965507507
6329,0.7608272433280945
6330,0.7338680028915405
6331,0.7051451206207275
6332,0.6775995492935181
6333,0.6503642797470093
6334,0.6217055320739746
6335,0.5912579298019409
6336,0.5528172254562378
6337,0.5176748633384705
6338,0.47641125321388245
6339,0.4393220543861389
6340,0.39901578426361084
6341,0.37033209204673767
6342,0.344247967004776
6343,0.3144865036010742
6344,0.28096237778663635
6345,0.2549322843551636
6346,0.2264925241470337
6347,0.17584265768527985
6348,0.13824719190597534
6349,0.10574057698249817
6350,0.07333812862634659
6351,0.008054720237851143
6376,0.049965959042310715
6377,0.05937013402581215
6378,0.03451806306838989
6379,0.07663667947053909
6404,1.2039082050323486
6405,1.2074365615844727
6406,1.2072749137878418
6407,1.2197209596633911
6408,1.2373862266540527
6409,1.2413744926452637
6410,1.238613247871399
6411,1.2300052642822266
6412,1.219789981842041
6413,1.2089260816574097
6414,1.1967291831970215
6415,1.1843422651290894
6416,1.1723401546478271
6417,1.16121244430542
6418,1.1511579751968384
6419,1.1414973735809326
6420,1.0489104986190796
6421,1.029487133026123
6422,1.0064016580581665
6423,0.9821782112121582
6424,0.9569554924964905
6425,0.9308655261993408
6426,0.904175877571106
6427,0.8767908215522766
6428,0.8478343486785889
6429,0.8176566958427429
6430,0.7862759828567505
6431,0.7555429339408875
6432,0.7248295545578003
6433,0.6919863224029541
6434,0.6610861420631409
6435,0.6257497072219849
6436,0.5950642228126526
6437,0.5583844184875488
6438,0.5266433358192444
6439,0.4869101047515869
6440,0.4530472755432129
6441,0.4208866357803345
6442,0.3794313371181488
6443,0.3482843339443207
6444,0.31529149413108826
6445,0.2667493224143982
6446,0.23446671664714813
6447,0.20403149724006653
6448,0.17222142219543457
6450,0.08780542016029358
6451,0.05818327143788338
6452,0.027340447530150414
6504,1.2369701862335205
6505,1.2470097541809082
6506,1.242066502571106
6507,1.2341562509536743
6508,1.228249192237854
6509,1.2317538261413574
6510,1.2345869541168213
6511,1.2301620244979858
6512,1.2213562726974487
6513,1.2093545198440552
6514,1.19768226146698
6515,1.1699705123901367
6516,1.1526739597320557
6517,1.1322530508041382
6518,1.1101276874542236
6519,1.0867385864257812
6520,1.0620646476745605
6521,1.036387324333191
6522,1.0095916986465454
6523,0.9820428490638733
6524,0.9537270069122314
6525,0.9243282079696655
6526,0.8946061730384827
6527,0.8646072745323181
6528,0.8333789110183716
6529,0.8008655905723572
6530,0.7678077220916748
6531,0.7351394891738892
6532,0.7000860571861267
6533,0.6673988103866577
6534,0.6291913390159607
6535,0.5965152382850647
6536,0.5570632219314575
6537,0.5224325656890869
6538,0.480425626039505
6539,0.4449200928211212
6540,0.41034504771232605
6541,0.36394017934799194
6542,0.3278464674949646
6543,0.29115843772888184
6544,0.23947492241859436
6545,0.20499444007873535
6546,0.17067940533161163
6547,0.13020655512809753
6548,0.07186766713857651
6549,0.03764662519097328
6550,0.0037314523942768574
6605,1.290860891342163
6606,1.274732232093811
6607,1.2542277574539185
6609,1.2210283279418945
6610,1.2138653993606567
6611,1.2081546783447266
6612,1.1996843814849854
6613,1.187711238861084
6614,1.1722861528396606
6615,1.153749704360962
6616,1.1332825422286987
6617,1.1100733280181885
6618,1.0879743099212646
6619,1.0639243125915527
6620,1.0383167266845703
6621,1.0114667415618896
6622,0.9835665225982666
6623,0.9550288915634155
6624,0.926171064376831
6625,0.8971839547157288
6626,0.8661670088768005
6627,0.8364368677139282
6628,0.8048149943351746
6629,0.7735061645507812
6630,0.7415862083435059
6631,0.7098357081413269
6632,0.6758600473403931
6633,0.6444339156150818
6634,0.6077254414558411
6635,0.5755788087844849
6636,0.5424386262893677
6637,0.5036484599113464
6638,0.47144606709480286
6639,0.4374322295188904
6640,0.3951352536678314
6641,0.3618728518486023
6642,0.32824045419692993
6643,0.28188374638557434
6644,0.24674326181411743
6645,0.21359959244728088
6646,0.1782061755657196
6647,0.1253988891839981
6648,0.09142078459262848
6649,0.058468881994485855
6650,0.02332424186170101
6703,1.335354208946228
6705,1.3178716897964478
6706,1.2972975969314575
6707,1.274674892425537
6708,1.251534104347229
6710,1.2115964889526367
6711,1.1969883441925049
6712,1.1829527616500854
6713,1.168030023574829
6714,1.1506749391555786
6715,1.1323322057724
6716,1.1110366582870483
6717,1.0905095338821411
6718,1.0669887065887451
6719,1.0442008972167969
6720,1.0206308364868164
6721,0.9956541061401367
6722,0.9691018462181091
6723,0.9429941773414612
6724,0.9151226282119751
6725,0.8881239295005798
6726,0.8605732321739197
6727,0.8320706486701965
6728,0.8049465417861938
6729,0.774154782295227
6730,0.7457627654075623
6731,0.7177383899688721
6732,0.6842570304870605
6733,0.6558719277381897
6734,0.6260938048362732
6735,0.5904638767242432
6736,0.5612689852714539
6737,0.530517041683197
6738,0.49173665046691895
6739,0.4609973430633545
6740,0.4299784302711487
6741,0.38940051198005676
6742,0.35588106513023376
6743,0.3237539529800415
6744,0.28382009267807007
6745,0.2479322999715805
6746,0.21357624232769012
6747,0.16808384656906128
6748,0.12884239852428436
6749,0.07807620614767075
6750,0.04122844710946083
6751,0.005776434205472469
6805,1.3546748161315918
6806,1.3297841548919678
6807,1.3060206174850464
6808,1.2826977968215942
6809,1.2599796056747437
6811,1.2190566062927246
6812,1.2009403705596924
6813,1.1830027103424072
6814,1.1658201217651367
6815,1.1466389894485474
6816,1.1278183460235596
6817,1.1075263023376465
6818,1.0885034799575806
6819,1.0653526782989502
6820,1.0445972681045532
6821,1.0221476554870605
6822,0.9981129169464111
6823,0.9740918874740601
6824,0.9476335644721985
6825,0.9233017563819885
6826,0.8990365266799927
6827,0.8705368041992188
6828,0.8443259000778198
6829,0.8165096044540405
6830,0.7853710651397705
6831,0.7567094564437866
6832,0.7237981557846069
6833,0.6917856931686401
6834,0.6604321599006653
6835,0.6230380535125732
6836,0.5895093679428101
6837,0.5499743223190308
6838,0.5118512511253357
6839,0.47266024351119995
6840,0.43077442049980164
6841,0.39437854290008545
6842,0.34972691535949707
6843,0.31060534715652466
6844,0.26349902153015137
6845,0.22615192830562592
6846,0.17757196724414825
6847,0.1364777535200119
6848,0.09590091556310654
6849,0.04235144332051277
6850,0.005625475198030472
6905,1.5826034545898438
6907,1.3366692066192627
6908,1.3134688138961792
6909,1.2897439002990723
6910,1.2662367820739746
6911,1.2431045770645142
6912,1.221022605895996
6913,1.1989009380340576
6914,1.177982211112976
6915,1.1544675827026367
6916,1.1315735578536987
6917,1.1088588237762451
6918,1.0798144340515137
6919,1.0548489093780518
6920,1.0267796516418457
6921,0.9947257041931152
6922,0.9647166132926941
6923,0.9307551383972168
6924,0.896573007106781
6925,0.8596971035003662
6926,0.8220345377922058
6927,0.7791383266448975
6928,0.7353202104568481
6929,0.6916671395301819
6930,0.6481269001960754
6931,0.60265052318573
6932,0.5562567710876465
6933,0.5069034099578857
6934,0.4538609981536865
6936,0.3477511703968048
6937,0.29055553674697876
6938,0.2327173501253128
6939,0.1778241991996765
6940,0.11688319593667984
6941,0.06315489858388901
6942,0.0003355247317813337
7105,1.2181360721588135
7107,1.2126468420028687
7108,1.217392086982727
7109,1.211715817451477
7112,1.1722897291183472
7113,1.144861102104187
7114,1.1290428638458252
7115,1.1111856698989868
7116,1.0827103853225708
7203,1.244542121887207
7204,1.2521097660064697
7205,1.2564265727996826
7206,1.2603702545166016
7207,1.2618097066879272
7208,1.2597638368606567
7209,1.254638671875
7210,1.2456080913543701
7211,1.2336481809616089
7212,1.216475009918213
7213,1.2007862329483032
7214,1.1822898387908936
7215,1.1604098081588745
7216,1.1370978355407715
7217,1.1178950071334839
7218,1.0928425788879395
7219,1.0650116205215454
7220,1.0348241329193115
7221,0.9994839429855347
7222,0.9702863693237305
7223,0.9392854571342468
7224,0.9099653363227844
7225,0.8822391033172607
7226,0.8522886037826538
7227,0.8134406805038452
7228,0.780990481376648
7229,0.7431861758232117
7230,0.705627977848053
7231,0.674893319606781
7232,0.6548770070075989
7233,0.6353552341461182
7234,0.5913087129592896
7235,0.5454577803611755
7236,0.5045607686042786
7237,0.45594504475593567
7238,0.4160885512828827
7239,0.3820020258426666
7240,0.38001805543899536
7241,0.33435580134391785
7303,1.259921669960022
7304,1.267289400100708
7305,1.3000258207321167
7306,1.303916096687317
7307,1.303954005241394
7308,1.3019996881484985
7309,1.297619104385376
7310,1.2909151315689087
7311,1.2794514894485474
7312,1.2668373584747314
7313,1.2538594007492065
7314,1.240664005279541
7315,1.227004885673523
7316,1.2128690481185913
7317,1.1988136768341064
7318,1.184912919998169
7319,1.1711862087249756
7320,1.1632139682769775
7322,1.1231404542922974
7323,1.0020999908447266
7324,0.9789963364601135
7325,0.950711727142334
7326,0.9199120998382568
7327,0.8872391581535339
7328,0.8558501601219177
7329,0.8279114365577698
7330,0.8025056719779968
7331,0.7741788625717163
7332,0.7487973570823669
7333,0.7158935070037842
7334,0.6824651956558228
7335,0.6436114311218262
7336,0.6020132899284363
7337,0.5626860857009888
7338,0.5282131433486938
7339,0.4916760325431824
7340,0.4640512466430664
7341,0.4379773736000061
7342,0.4054812788963318
7343,0.37615182995796204
7344,0.3445392847061157
7345,0.3102673292160034
7346,0.25425776839256287
7347,0.21951790153980255
7348,0.18633553385734558
7349,0.1482929289340973
7350,0.08311858773231506
7351,0.055272530764341354
7352,0.03416672348976135
7353,0.019736552610993385
7354,0.01041597779840231
7380,0.16129013895988464
7404,1.3041578531265259
7405,1.3053995370864868
7406,1.3086448907852173
7407,1.3381760120391846
7408,1.3456735610961914
7409,1.3427348136901855
7410,1.334362506866455
7411,1.3202898502349854
7412,1.3054946660995483
7413,1.2900140285491943
7414,1.273946762084961
7415,1.2574673891067505
7416,1.2406930923461914
7417,1.2239267826080322
7418,1.2073702812194824
7419,1.192088007926941
7420,1.1325944662094116
7421,1.1096848249435425
7422,1.0858733654022217
7423,1.061906099319458
7424,1.036954402923584
7425,1.0106457471847534
7426,0.9835567474365234
7427,0.9567249417304993
7429,0.899459183216095
7430,0.8696267604827881
7431,0.8392695188522339
7432,0.807157039642334
7433,0.7776036858558655
7434,0.7429652810096741
7435,0.711811363697052
7436,0.67457115650177
7437,0.6425344347953796
7438,0.6086971163749695
7439,0.5708323121070862
7440,0.538881242275238
7441,0.49561744928359985
7442,0.4609503149986267
7443,0.42805027961730957
7444,0.3807736039161682
7445,0.34429270029067993
7446,0.312725305557251
7447,0.27912619709968567
7448,0.21801933646202087
7449,0.18517793715000153
7450,0.15363867580890656
7451,0.12130919098854065
7452,0.08387979865074158
7453,0.006322063039988279
7504,1.3368281126022339
7505,1.3436754941940308
7506,1.3339834213256836
7507,1.3198983669281006
7508,1.32575261592865
7509,1.3389612436294556
7510,1.3402146100997925
7511,1.3348993062973022
7512,1.3235834836959839
7513,1.3105000257492065
7514,1.2889602184295654
7515,1.2719932794570923
7516,1.2504870891571045
7517,1.226958990097046
7518,1.2020446062088013
7519,1.1757643222808838
7521,1.121654748916626
7522,1.093464970588684
7523,1.0655744075775146
7524,1.0368924140930176
7525,1.007322072982788
7526,0.977079451084137
7527,0.9473778605461121
7528,0.9155492186546326
7529,0.8826423287391663
7530,0.8515223860740662
7531,0.8159134984016418
7532,0.7841613292694092
7533,0.7467005848884583
7534,0.7137221097946167
7535,0.6734040975570679
7536,0.6397855281829834
7537,0.6034948825836182
7538,0.5629608631134033
7539,0.5284088253974915
7540,0.4819548428058624
7541,0.44472837448120117
7542,0.41132476925849915
7543,0.37475502490997314
7544,0.321715384721756
7545,0.2874208390712738
7546,0.2522422969341278
7547,0.20942367613315582
7548,0.15063759684562683
7549,0.1181650161743164
7550,0.08617925643920898
7551,0.052330564707517624
7552,0.010622823610901833
7604,1.3624582290649414
7605,1.3645631074905396
7606,1.3446238040924072
7607,1.3236486911773682
7608,1.305073857307434
7610,1.3022559881210327
7611,1.3011435270309448
7612,1.2933987379074097
7613,1.279571771621704
7614,1.2647167444229126
7615,1.2436963319778442
7616,1.2240211963653564
7617,1.2006490230560303
7618,1.1750389337539673
7619,1.1481410264968872
7620,1.1202208995819092
7621,1.0915223360061646
7622,1.0628420114517212
7623,1.0333832502365112
7624,1.0022200345993042
7625,0.9726267457008362
7626,0.9397212266921997
7627,0.9084646105766296
7628,0.8744180202484131
7629,0.8432389497756958
7630,0.8071961998939514
7631,0.7748402953147888
7632,0.7377280592918396
7633,0.7050325870513916
7634,0.6716080904006958
7635,0.6313627362251282
7636,0.5991291999816895
7637,0.5655590295791626
7638,0.5215268135070801
7639,0.4875102639198303
7640,0.4549759328365326
7641,0.41952386498451233
7642,0.3710252344608307
7643,0.33722326159477234
7644,0.3028997480869293
7645,0.2659352719783783
7646,0.21291470527648926
7647,0.17892473936080933
7648,0.14495666325092316
7649,0.10883403569459915
7650,0.04505007714033127
7651,0.010808611288666725
7705,1.3726038932800293
7706,1.353158712387085
7707,1.3299992084503174
7708,1.3069173097610474
7709,1.2875477075576782
7710,1.2748163938522339
7711,1.26522958278656
7712,1.2543861865997314
7713,1.240615963935852
7714,1.224253535270691
7715,1.2048465013504028
7716,1.1843668222427368
7717,1.16090989112854
7718,1.1395587921142578
7719,1.1147934198379517
7720,1.0905247926712036
7721,1.0641754865646362
7722,1.038244605064392
7723,1.0126646757125854
7724,0.9838759303092957
7725,0.9578660726547241
7726,0.9298011660575867
7727,0.9006566405296326
7728,0.8736433982849121
7729,0.8443852066993713
7730,0.8130154013633728
7731,0.7849329710006714
7732,0.756181001663208
7733,0.7205429673194885
7734,0.6910005211830139
7735,0.6612750887870789
7736,0.6240941882133484
7737,0.5911335945129395
7738,0.5602875351905823
7739,0.5280289053916931
7740,0.48597219586372375
7741,0.4532584846019745
7742,0.42069804668426514
7743,0.37856706976890564
7744,0.3417198061943054
7745,0.3079400956630707
7746,0.2705378532409668
7747,0.22222331166267395
7748,0.17002132534980774
7749,0.13011761009693146
7750,0.09418283402919769
7751,0.05615970119833946
7805,1.395702838897705
7806,1.3738957643508911
7807,1.3520797491073608
7808,1.3297721147537231
7809,1.308439016342163
7810,1.2895995378494263
7811,1.272713303565979
7812,1.2570514678955078
7813,1.2416898012161255
7814,1.2248120307922363
7815,1.2068431377410889
7816,1.1897858381271362
7817,1.1691854000091553
7818,1.1490181684494019
7819,1.1286522150039673
7820,1.1062140464782715
7821,1.0842689275741577
7822,1.062487006187439
7823,1.0378323793411255
7824,1.0115724802017212
7825,0.9868502020835876
7826,0.9614744186401367
7827,0.9311666488647461
7828,0.9042754769325256
7829,0.8775651454925537
7830,0.8446248173713684
7831,0.815524697303772
7832,0.7862399220466614
7833,0.7508021593093872
7834,0.7198055386543274
7835,0.6872551441192627
7836,0.6492478251457214
7837,0.6159654259681702
7838,0.5746183395385742
7839,0.533018946647644
7840,0.4971088171005249
7841,0.4534623920917511
7842,0.41301336884498596
7843,0.3673945665359497
7844,0.3261135220527649
7845,0.28628119826316833
7846,0.23347266018390656
7847,0.19207531213760376
7848,0.14857010543346405
7849,0.09315270185470581
7850,0.05226461589336395
7851,0.007021837402135134
7903,1.5647920370101929
7907,1.367836594581604
7908,1.3443262577056885
7909,1.3211443424224854
7910,1.2960435152053833
7911,1.2740732431411743
7912,1.2534099817276
7913,1.2312061786651611
7914,1.2116243839263916
7915,1.1883668899536133
7916,1.162766933441162
7917,1.1397109031677246
7918,1.1138657331466675
7919,1.0830187797546387
7920,1.055711030960083
7921,1.0241320133209229
7922,0.9878833293914795
7923,0.9543578028678894
7924,0.9183263182640076
7925,0.8769940137863159
7926,0.835931122303009
7927,0.792289137840271
7928,0.7472873330116272
7929,0.6990067958831787
7930,0.6467286944389343
7931,0.5931265950202942
7932,0.5390866994857788
7933,0.4874003231525421
7934,0.43122315406799316
7935,0.3732665479183197
7936,0.3192603886127472
7937,0.25776347517967224
7938,0.20161348581314087
7939,0.1388430893421173
7940,0.08399699628353119
7941,0.017748389393091202
8103,1.290065050125122
8113,1.2245620489120483
8115,1.1585638523101807
8116,1.1533408164978027
8117,1.0402830839157104
8118,1.0743364095687866
8119,0.9656015634536743
8204,1.3418898582458496
8205,1.3481552600860596
8206,1.3506507873535156
8207,1.3494484424591064
8208,1.344882845878601
8209,1.3354460000991821
8210,1.32648766040802
8211,1.3088966608047485
8212,1.2929574251174927
8213,1.2733880281448364
8214,1.2494481801986694
8215,1.228532314300537
8216,1.2087041139602661
8217,1.1872444152832031
8218,1.1628679037094116
8219,1.1328229904174805
8220,1.1002103090286255
8221,1.0743434429168701
8222,1.0467572212219238
8223,1.0210562944412231
8224,0.9948508143424988
8225,0.95616614818573
8226,0.9129520654678345
8227,0.8737785816192627
8228,0.8381403684616089
8229,0.8040345311164856
8230,0.7839612364768982
8231,0.7491760849952698
8232,0.7052447199821472
8233,0.6657347083091736
8234,0.6194323301315308
8235,0.582838773727417
8236,0.5435309410095215
8248,0.059236474335193634
8249,0.015855228528380394
8303,1.355217456817627
8304,1.3899496793746948
8305,1.3976023197174072
8306,1.3982467651367188
8307,1.3963042497634888
8308,1.3914422988891602
8309,1.3841272592544556
8310,1.3720076084136963
8311,1.3583168983459473
8312,1.3437013626098633
8313,1.3281195163726807
8314,1.3111146688461304
8315,1.2927082777023315
8316,1.2731918096542358
8317,1.2530994415283203
8318,1.2365587949752808
8319,1.1797103881835938
8320,1.156758427619934
8321,1.1337809562683105
8322,1.1079840660095215
8323,1.0786526203155518
8324,1.047446370124817
8325,1.0139238834381104
8326,0.9786574840545654
8327,0.9512310028076172
8328,0.923081636428833
8329,0.8949683904647827
8330,0.8694623112678528
8331,0.840427041053772
8332,0.8091086149215698
8333,0.7688107490539551
8334,0.7316681146621704
8335,0.6882074475288391
8336,0.6505801677703857
8337,0.6117972731590271
8338,0.5835651159286499
8339,0.5587618350982666
8340,0.5343061685562134
8341,0.49730902910232544
8342,0.46652093529701233
8343,0.43120482563972473
8344,0.3747662603855133
8345,0.3377341330051422
8346,0.3023950755596161
8347,0.266533762216568
8348,0.19643773138523102
8349,0.1661938726902008
8350,0.14216597378253937
8351,0.124922975897789
8352,0.11286995559930801
8353,0.09830798208713531
8354,0.07970859855413437
8355,0.05966261774301529
8356,0.040488772094249725
8357,0.021629594266414642
8403,1.384486436843872
8404,1.400942087173462
8405,1.3991936445236206
8406,1.4392451047897339
8407,1.451569676399231
8408,1.4484992027282715
8409,1.435237169265747
8410,1.420569896697998
8411,1.4047359228134155
8412,1.3881531953811646
8413,1.3709548711776733
8414,1.3532371520996094
8415,1.3351857662200928
8416,1.3169405460357666
8417,1.2987004518508911
8418,1.2623634338378906
8419,1.2406890392303467
8420,1.2176735401153564
8421,1.193837285041809
8422,1.16900634765625
8423,1.143249750137329
8425,1.0884888172149658
8426,1.0597503185272217
8427,1.0309604406356812
8428,1.0014358758926392
8429,0.9697136282920837
8430,0.9401991963386536
8431,0.9068129658699036
8432,0.8749960660934448
8433,0.8409304618835449
8434,0.8090165257453918
8435,0.7714290618896484
8436,0.7393813729286194
8437,0.6982929110527039
8438,0.6653621196746826
8439,0.6308396458625793
8440,0.585669219493866
8441,0.5516546368598938
8442,0.5164886713027954
8443,0.46420493721961975
8444,0.4310990869998932
8445,0.3974316418170929
8446,0.35769951343536377
8447,0.29953625798225403
8448,0.2672998011112213
8449,0.23511065542697906
8450,0.20115283131599426
8451,0.11822347342967987
8452,0.0858834832906723
8453,0.0556049644947052
8454,0.025780364871025085
8504,1.4280540943145752
8505,1.426363468170166
8506,1.407999038696289
8507,1.40483820438385
8508,1.4335802793502808
8509,1.447195053100586
8510,1.4452468156814575
8511,1.4356011152267456
8512,1.424628734588623
8513,1.4111312627792358
8514,1.3903627395629883
8515,1.3664671182632446
8516,1.3408515453338623
8517,1.3144886493682861
8518,1.2879853248596191
8519,1.2624692916870117
8520,1.2363003492355347
8521,1.2093497514724731
8522,1.1815992593765259
8523,1.152848720550537
8524,1.122291922569275
8525,1.0899934768676758
8526,1.0566829442977905
8527,1.0236345529556274
8528,0.9870286583900452
8529,0.9511319398880005
8530,0.9160574078559875
8531,0.8767786026000977
8532,0.8416215777397156
8533,0.8017538785934448
8534,0.7659343481063843
8535,0.7319543361663818
8536,0.6889123916625977
8537,0.6552547216415405
8538,0.6201475858688354
8539,0.57275390625
8540,0.5388039350509644
8541,0.5044957995414734
8542,0.45001542568206787
8543,0.4149516224861145
8544,0.38190481066703796
8545,0.3473680317401886
8546,0.28156712651252747
8547,0.2462574541568756
8548,0.21306805312633514
8549,0.1802493929862976
8550,0.1468740552663803
8551,0.09283661097288132
8552,0.022021181881427765
8604,1.4206161499023438
8606,1.4028334617614746
8607,1.3814074993133545
8608,1.3736437559127808
8609,1.386080265045166
8610,1.3963289260864258
8611,1.3951959609985352
8612,1.3872249126434326
8613,1.3731346130371094
8614,1.3590370416641235
8615,1.3377596139907837
8616,1.3125463724136353
8617,1.2860075235366821
8618,1.2582588195800781
8619,1.2300695180892944
8620,1.201461672782898
8621,1.1702730655670166
8622,1.137896180152893
8623,1.1061468124389648
8624,1.070986032485962
8625,1.0380934476852417
8626,1.0030966997146606
8627,0.9717071056365967
8628,0.9360955953598022
8629,0.9061653017997742
8630,0.8705497980117798
8631,0.8382567763328552
8632,0.807494580745697
8633,0.7693273425102234
8634,0.7360900044441223
8635,0.7046365737915039
8636,0.6712889075279236
8637,0.6280229091644287
8638,0.5960671901702881
8639,0.5643813610076904
8640,0.5291624069213867
8641,0.47953420877456665
8642,0.4468464255332947
8643,0.415249228477478
8644,0.3814595937728882
8645,0.3233475685119629
8646,0.2876851558685303
8647,0.2542555332183838
8648,0.22076480090618134
8649,0.18551507592201233
8650,0.11805605888366699
8651,0.08438301831483841
8652,0.05200588330626488
8653,0.020532136783003807
8705,1.4191845655441284
8706,1.398366928100586
8707,1.3756862878799438
8708,1.35519278049469
8709,1.3429834842681885
8710,1.3389317989349365
8712,1.324575662612915
8713,1.311524748802185
8714,1.2944856882095337
8715,1.2738010883331299
8716,1.2529492378234863
8717,1.2311174869537354
8718,1.2053616046905518
8719,1.180686354637146
8720,1.155531406402588
8721,1.127862572669983
8722,1.1027520895004272
8723,1.075828194618225
8724,1.046675443649292
8725,1.020567536354065
8726,0.9938099980354309
8727,0.9612421989440918
8728,0.933577299118042
8729,0.905597448348999
8730,0.873817503452301
8731,0.8412118554115295
8732,0.8121232390403748
8733,0.7830936908721924
8734,0.74602872133255
8735,0.7128497958183289
8736,0.6827654838562012
8737,0.6520175933837891
8738,0.6101593375205994
8739,0.575893759727478
8740,0.5443155169487
8741,0.511886715888977
8742,0.46660879254341125
8743,0.43195343017578125
8744,0.3983670175075531
8745,0.36158841848373413
8746,0.3119238317012787
8747,0.27054741978645325
8748,0.2166319340467453
8749,0.1801890879869461
8750,0.1419239193201065
8751,0.07715483009815216
8752,0.040198806673288345
8753,0.003950112033635378
8805,1.4322013854980469
8806,1.4125677347183228
8807,1.391342043876648
8808,1.3702139854431152
8809,1.351088285446167
8810,1.3347457647323608
8811,1.3218622207641602
8812,1.3079880475997925
8813,1.293931245803833
8814,1.2790144681930542
8815,1.2602306604385376
8816,1.2425857782363892
8817,1.2244586944580078
8818,1.2044306993484497
8819,1.182111382484436
8820,1.1613951921463013
8821,1.140693187713623
8822,1.1190695762634277
8823,1.0936838388442993
8824,1.0687379837036133
8825,1.0451234579086304
8826,1.0208680629730225
8827,0.9918031096458435
8828,0.9630407094955444
8829,0.9365683794021606
8830,0.9095749258995056
8831,0.875303328037262
8832,0.8453530073165894
8833,0.816082239151001
8834,0.7808181643486023
8835,0.746044933795929
8836,0.7133378386497498
8837,0.6723458170890808
8838,0.6312276721000671
8839,0.5918139815330505
8840,0.5494619607925415
8841,0.5056177973747253
8842,0.46518248319625854
8843,0.4146033823490143
8844,0.3728208839893341
8845,0.3173561096191406
8846,0.2732318937778473
8847,0.22792796790599823
8848,0.16578350961208344
8849,0.12118827551603317
8850,0.07435297220945358
8851,0.003482920816168189
8905,1.6718403100967407
8906,1.415055513381958
8907,1.3886656761169434
8908,1.365544319152832
8909,1.341787576675415
8910,1.3180968761444092
8911,1.2964872121810913
8912,1.2800923585891724
8913,1.256949782371521
8914,1.2360949516296387
8915,1.2140278816223145
8916,1.190548300743103
8917,1.1666516065597534
8918,1.1332658529281616
8919,1.1060919761657715
8920,1.079111099243164
8921,1.0439965724945068
8922,1.0049638748168945
8923,0.970596432685852
8924,0.9286646246910095
8925,0.8846168518066406
8926,0.8384994268417358
8927,0.7903243899345398
8928,0.7424536347389221
8929,0.6937021613121033
8930,0.6422317028045654
8931,0.5860861539840698
8932,0.531818687915802
8933,0.4734623432159424
8934,0.41146692633628845
8935,0.35533061623573303
8936,0.2903338670730591
8937,0.2321965992450714
8938,0.16587820649147034
8939,0.10729270428419113
8940,0.038061078637838364
9104,1.3778144121170044
9105,1.3847242593765259
9107,1.3781354427337646
9110,1.335530400276184
9113,1.1670289039611816
9116,1.174719214439392
9201,1.3892855644226074
9203,1.4237321615219116
9204,1.4337323904037476
9205,1.4376593828201294
9206,1.437276005744934
9207,1.4330601692199707
9208,1.4236353635787964
9209,1.4175183773040771
9210,1.3999598026275635
9211,1.3832679986953735
9212,1.3624335527420044
9213,1.3357771635055542
9214,1.3180121183395386
9215,1.2985765933990479
9216,1.2770967483520508
9217,1.2505236864089966
9218,1.215983271598816
9219,1.1874256134033203
9220,1.1613198518753052
9221,1.1360085010528564
9222,1.1132893562316895
9223,1.0784351825714111
9224,1.034187912940979
9225,1.0006372928619385
9226,0.9662650227546692
9227,0.9345567226409912
9228,0.914002001285553
9229,0.8829140663146973
9230,0.8349564075469971
9231,0.7861750721931458
9232,0.7400948405265808
9233,0.7021204233169556
9234,0.6623654961585999
9236,0.6214151382446289
9237,0.5703063011169434
9238,0.5075072050094604
9241,0.3599091172218323
9242,0.3255872428417206
9243,0.300057053565979
9244,0.31060779094696045
9248,0.46332672238349915
9303,1.4483908414840698
9304,1.4880554676055908
9305,1.4915896654129028
9306,1.4899736642837524
9307,1.4852415323257446
9308,1.477036714553833
9309,1.461283802986145
9310,1.4477953910827637
9311,1.4323817491531372
9312,1.4148379564285278
9313,1.3948019742965698
9314,1.3725864887237549
9315,1.348028540611267
9316,1.3214671611785889
9317,1.2990914583206177
9318,1.2775346040725708
9319,1.2549747228622437
9320,1.2322540283203125
9321,1.2073882818222046
9322,1.1782306432724
9323,1.1458600759506226
9324,1.1116183996200562
9325,1.0752226114273071
9326,1.0446858406066895
9327,1.0168170928955078
9328,0.9887610077857971
9329,0.9647128582000732
9330,0.9331133365631104
9331,0.8974037170410156
9332,0.857587993144989
9333,0.8144457936286926
9334,0.7751933336257935
9335,0.7338297367095947
9336,0.7019286751747131
9337,0.6744123697280884
9338,0.6495311856269836
9339,0.6173567771911621
9340,0.5866556167602539
9341,0.553309977054596
9342,0.5158575773239136
9343,0.45575150847435
9344,0.4208768904209137
9345,0.38472121953964233
9346,0.3439405560493469
9347,0.2793349027633667
9348,0.25163891911506653
9349,0.23118902742862701
9350,0.21693365275859833
9351,0.20255205035209656
9352,0.1809263676404953
9353,0.15591108798980713
9354,0.13060113787651062
9355,0.10617157071828842
9403,1.4842734336853027
9404,1.4916101694107056
9405,1.4906965494155884
9406,1.5510133504867554
9407,1.548500657081604
9408,1.5362709760665894
9409,1.5214450359344482
9410,1.5047798156738281
9411,1.4873567819595337
9412,1.4693177938461304
9413,1.4507386684417725
9414,1.4318357706069946
9415,1.4065980911254883
9416,1.3850094079971313
9417,1.3625487089157104
9418,1.3393195867538452
9419,1.3148927688598633
9420,1.2896170616149902
9421,1.2634717226028442
9422,1.236323356628418
9423,1.208315372467041
9424,1.1798220872879028
9425,1.151538372039795
9426,1.1209219694137573
9427,1.089644432067871
9428,1.0600305795669556
9429,1.0263208150863647
9430,0.9960218667984009
9431,0.9604116082191467
9432,0.9292891621589661
9433,0.8912937641143799
9434,0.8591598272323608
9435,0.8199235200881958
9436,0.7891296148300171
9437,0.7599676251411438
9438,0.7200534343719482
9439,0.6852658987045288
9440,0.6544654369354248
9441,0.6217049956321716
9442,0.5670899748802185
9443,0.5350748896598816
9444,0.5040275454521179
9445,0.4708808362483978
9446,0.40155261754989624
9447,0.36956486105918884
9448,0.3380228281021118
9449,0.24454323947429657
9450,0.2657316327095032
9451,0.17298616468906403
9452,0.14309494197368622
9453,0.11423420161008835
9454,0.08430609107017517
9455,0.05243801698088646
9504,1.5011223554611206
9505,1.4910826683044434
9506,1.474702000617981
9507,1.5081456899642944
9508,1.543478012084961
9509,1.5494804382324219
9510,1.5472899675369263
9511,1.5452778339385986
9512,1.5283879041671753
9513,1.5031369924545288
9514,1.4768606424331665
9515,1.451295256614685
9516,1.427966833114624
9517,1.4032342433929443
9518,1.3771376609802246
9519,1.3492419719696045
9520,1.3189629316329956
9521,1.2864007949829102
9522,1.25315523147583
9523,1.220227599143982
9524,1.1890805959701538
9525,1.1581737995147705
9526,1.1268017292022705
9527,1.0962371826171875
9528,1.0619128942489624
9529,1.0305536985397339
9530,0.9939278364181519
9531,0.9602556228637695
9532,0.9249396324157715
9533,0.8831607103347778
9534,0.8478002548217773
9535,0.8009215593338013
9536,0.7651119232177734
9537,0.7273762822151184
9538,0.673700749874115
9539,0.6373213529586792
9540,0.5976317524909973
9541,0.5382026433944702
9542,0.5036884546279907
9543,0.46874335408210754
9544,0.4281291961669922
9545,0.3604724407196045
9546,0.3272726237773895
9547,0.294978529214859
9548,0.26305142045021057
9549,0.22884155809879303
9551,0.10476678609848022
9552,0.0727355107665062
9553,0.041095882654190063
9554,0.009389610029757023
9604,1.472608208656311
9606,1.4519011974334717
9608,1.4530551433563232
9610,1.4925533533096313
9611,1.4925540685653687
9612,1.4833046197891235
9613,1.4731254577636719
9614,1.453120231628418
9615,1.4292813539505005
9616,1.4001383781433105
9617,1.371158480644226
9618,1.3417307138442993
9619,1.3107575178146362
9620,1.2787110805511475
9621,1.242443323135376
9622,1.2044953107833862
9623,1.1719404458999634
9624,1.1379985809326172
9625,1.1087781190872192
9626,1.0734983682632446
9627,1.0425626039505005
9628,1.0102602243423462
9629,0.9701215624809265
9630,0.9369643926620483
9631,0.8967893123626709
9632,0.8590585589408875
9633,0.8253620266914368
9634,0.7908646464347839
9635,0.7457210421562195
9636,0.7140440940856934
9637,0.6834890842437744
9638,0.6504939794540405
9639,0.601496160030365
9640,0.569732129573822
9641,0.5392598509788513
9642,0.5078406929969788
9643,0.4731695353984833
9644,0.41512709856033325
9645,0.38284650444984436
9646,0.35192039608955383
9647,0.32061997056007385
9648,0.2880605161190033
9649,0.2516558766365051
9650,0.18122495710849762
9651,0.14866510033607483
9652,0.11738581955432892
9653,0.08703841269016266
9654,0.05688035860657692
9655,0.025956416502594948
9705,1.4570716619491577
9706,1.4376533031463623
9707,1.4163299798965454
9709,1.4016423225402832
9710,1.4050976037979126
9711,1.4032162427902222
9712,1.3916172981262207
9713,1.3789972066879272
9714,1.3629482984542847
9715,1.341049313545227
9716,1.3183906078338623
9717,1.2919880151748657
9718,1.2663984298706055
9719,1.2419954538345337
9720,1.2139897346496582
9721,1.1862941980361938
9722,1.16036057472229
9723,1.1331079006195068
9724,1.0999408960342407
9725,1.072986364364624
9726,1.046573519706726
9727,1.019897699356079
9728,0.9867851734161377
9729,0.9603721499443054
9730,0.9340043663978577
9731,0.9069721102714539
9732,0.8712325692176819
9733,0.8401964902877808
9734,0.8123420476913452
9735,0.7839375734329224
9736,0.7528719305992126
9737,0.7092006802558899
9738,0.678573727607727
9739,0.6488699913024902
9740,0.6172009110450745
9741,0.5706324577331543
9742,0.5360191464424133
9743,0.5037943720817566
9744,0.4713676869869232
9745,0.42986351251602173
9746,0.3845389187335968
9747,0.34071606397628784
9748,0.2852519750595093
9749,0.24769173562526703
9750,0.20642483234405518
9752,0.10397651791572571
9753,0.06766490638256073
9754,0.028001023456454277
9805,1.4648865461349487
9806,1.4446728229522705
9807,1.4249812364578247
9808,1.4051676988601685
9809,1.3881031274795532
9810,1.3777225017547607
9811,1.3660954236984253
9812,1.3555395603179932
9813,1.3407577276229858
9814,1.3232349157333374
9815,1.3082389831542969
9816,1.290827989578247
9817,1.2729194164276123
9818,1.2517558336257935
9819,1.2297569513320923
9820,1.2100369930267334
9821,1.1897125244140625
9822,1.1680711507797241
9823,1.1444741487503052
9824,1.1156977415084839
9825,1.091618537902832
9826,1.0676755905151367
9827,1.0424132347106934
9828,1.0113930702209473
9829,0.98114013671875
9830,0.9537600874900818
9831,0.9260643124580383
9832,0.8916360139846802
9833,0.8572278618812561
9834,0.8264733552932739
9835,0.7932495474815369
9836,0.7511454820632935
9837,0.7094720602035522
9838,0.6686456203460693
9839,0.6215714812278748
9840,0.5808958411216736
9841,0.5386186242103577
9842,0.4866040349006653
9843,0.4435482621192932
9844,0.38652303814888
9845,0.34254491329193115
9846,0.29657045006752014
9847,0.23251186311244965
9848,0.18737414479255676
9849,0.13930000364780426
9850,0.06583425402641296
9851,0.01839061826467514
9906,1.427746057510376
9907,1.4058078527450562
9908,1.3776743412017822
9909,1.354793906211853
9910,1.3363453149795532
9911,1.3182885646820068
9912,1.2968746423721313
9913,1.2772473096847534
9914,1.2591991424560547
9915,1.238014578819275
9916,1.2123448848724365
9917,1.182329773902893
9918,1.1545897722244263
9919,1.1260783672332764
9920,1.0975412130355835
9921,1.0588573217391968
9922,1.0195297002792358
9923,0.9807981252670288
9924,0.9362480044364929
9925,0.8891045451164246
9926,0.8422287702560425
9927,0.7891157269477844
9928,0.7339584231376648
9929,0.6804478764533997
9930,0.6248164176940918
9931,0.5658472776412964
9932,0.5100862383842468
9933,0.4467533826828003
9934,0.38698750734329224
9935,0.3216087222099304
9936,0.2553871273994446
9937,0.19069716334342957
9938,0.1282951533794403
9939,0.05696511268615723
